timestamp_s,frame_index,action,detected,confidence,target_cx,target_cy,dx,dy,norm_area,fps
0.942,0,SEARCH,0,0.0,-1,-1,0,0,0.0,1.06
1.294,1,SEARCH,0,0.0,-1,-1,0,0,0.0,2.84
1.49,2,SEARCH,0,0.0,-1,-1,0,0,0.0,5.11
1.685,3,SEARCH,0,0.0,-1,-1,0,0,0.0,5.13
1.875,4,SEARCH,0,0.0,-1,-1,0,0,0.0,5.25
2.064,5,SEARCH,0,0.0,-1,-1,0,0,0.0,5.31
2.264,6,SEARCH,0,0.0,-1,-1,0,0,0.0,5.01
2.452,7,SEARCH,0,0.0,-1,-1,0,0,0.0,5.32
2.64,8,SEARCH,0,0.0,-1,-1,0,0,0.0,5.32
2.879,9,SEARCH,0,0.0,-1,-1,0,0,0.0,4.17
3.163,10,SEARCH,0,0.0,-1,-1,0,0,0.0,3.52
3.367,11,SEARCH,0,0.0,-1,-1,0,0,0.0,4.9
3.548,12,SEARCH,0,0.0,-1,-1,0,0,0.0,5.55
4.086,13,SEARCH,0,0.0,-1,-1,0,0,0.0,1.86
4.389,14,SEARCH,0,0.0,-1,-1,0,0,0.0,3.3
4.674,15,SEARCH,0,0.0,-1,-1,0,0,0.0,3.5
4.868,16,SEARCH,0,0.0,-1,-1,0,0,0.0,5.17
5.064,17,SEARCH,0,0.0,-1,-1,0,0,0.0,5.11
5.268,18,SEARCH,0,0.0,-1,-1,0,0,0.0,4.88
5.596,19,SEARCH,0,0.0,-1,-1,0,0,0.0,3.05
5.808,20,SEARCH,0,0.0,-1,-1,0,0,0.0,4.72
6.011,21,SEARCH,0,0.0,-1,-1,0,0,0.0,4.93
6.22,22,SEARCH,0,0.0,-1,-1,0,0,0.0,4.79
6.435,23,SEARCH,0,0.0,-1,-1,0,0,0.0,4.65
6.632,24,SEARCH,0,0.0,-1,-1,0,0,0.0,5.08
6.824,25,SEARCH,0,0.0,-1,-1,0,0,0.0,5.19
7.028,26,SEARCH,0,0.0,-1,-1,0,0,0.0,4.91
7.321,27,SEARCH,0,0.0,-1,-1,0,0,0.0,3.42
7.539,28,SEARCH,0,0.0,-1,-1,0,0,0.0,4.58
7.731,29,SEARCH,0,0.0,-1,-1,0,0,0.0,5.21
7.917,30,SEARCH,0,0.0,-1,-1,0,0,0.0,5.37
8.115,31,SEARCH,0,0.0,-1,-1,0,0,0.0,5.05
8.305,32,TURN_RIGHT,1,0.5824,622,345,302,105,0.010279,5.25
8.495,33,TURN_LEFT,1,0.4161,255,209,-65,-31,0.013581,5.27
8.739,34,SEARCH,0,0.0,-1,-1,0,0,0.0,4.1
8.958,35,TURN_RIGHT,1,0.4376,551,297,231,57,0.022003,4.56
9.169,36,TURN_RIGHT,1,0.7683,528,260,208,20,0.021622,4.75
9.366,37,TURN_RIGHT,1,0.8112,506,264,186,24,0.025238,5.07
9.553,38,SEARCH,0,0.0,-1,-1,0,0,0.0,5.36
9.753,39,TURN_RIGHT,1,0.7651,419,250,99,10,0.022389,5.0
9.944,40,TURN_RIGHT,1,0.8114,393,233,73,-7,0.022413,5.23
10.133,41,TURN_RIGHT,1,0.8418,395,208,75,-32,0.021217,5.3
10.331,42,TURN_RIGHT,1,0.8338,402,208,82,-32,0.021677,5.04
10.524,43,TURN_RIGHT,1,0.8289,419,223,99,-17,0.022485,5.19
10.716,44,TURN_RIGHT,1,0.8389,431,227,111,-13,0.019646,5.21
10.903,45,TURN_RIGHT,1,0.841,431,223,111,-17,0.02103,5.34
11.087,46,SEARCH,0,0.0,-1,-1,0,0,0.0,5.45
11.275,47,SEARCH,0,0.0,-1,-1,0,0,0.0,5.32
11.464,48,SEARCH,0,0.0,-1,-1,0,0,0.0,5.28
11.654,49,SEARCH,0,0.0,-1,-1,0,0,0.0,5.27
11.847,50,SEARCH,0,0.0,-1,-1,0,0,0.0,5.18
12.037,51,SEARCH,0,0.0,-1,-1,0,0,0.0,5.27
12.227,52,SEARCH,0,0.0,-1,-1,0,0,0.0,5.27
12.417,53,SEARCH,0,0.0,-1,-1,0,0,0.0,5.26
12.6,54,SEARCH,0,0.0,-1,-1,0,0,0.0,5.45
12.789,55,SEARCH,0,0.0,-1,-1,0,0,0.0,5.3
12.972,56,SEARCH,0,0.0,-1,-1,0,0,0.0,5.45
13.166,57,SEARCH,0,0.0,-1,-1,0,0,0.0,5.15
13.365,58,SEARCH,0,0.0,-1,-1,0,0,0.0,5.03
13.553,59,SEARCH,0,0.0,-1,-1,0,0,0.0,5.33
13.736,60,SEARCH,0,0.0,-1,-1,0,0,0.0,5.47
13.923,61,SEARCH,0,0.0,-1,-1,0,0,0.0,5.35
14.116,62,SEARCH,0,0.0,-1,-1,0,0,0.0,5.18
14.341,63,SEARCH,0,0.0,-1,-1,0,0,0.0,4.43
14.579,64,SEARCH,0,0.0,-1,-1,0,0,0.0,4.2
14.766,65,SEARCH,0,0.0,-1,-1,0,0,0.0,5.37
14.95,66,SEARCH,0,0.0,-1,-1,0,0,0.0,5.44
15.143,67,SEARCH,0,0.0,-1,-1,0,0,0.0,5.17
15.338,68,SEARCH,0,0.0,-1,-1,0,0,0.0,5.13
15.521,69,SEARCH,0,0.0,-1,-1,0,0,0.0,5.45
15.715,70,SEARCH,0,0.0,-1,-1,0,0,0.0,5.16
15.898,71,SEARCH,0,0.0,-1,-1,0,0,0.0,5.49
16.086,72,SEARCH,0,0.0,-1,-1,0,0,0.0,5.31
16.278,73,SEARCH,0,0.0,-1,-1,0,0,0.0,5.21
16.472,74,SEARCH,0,0.0,-1,-1,0,0,0.0,5.16
16.662,75,SEARCH,0,0.0,-1,-1,0,0,0.0,5.27
16.854,76,SEARCH,0,0.0,-1,-1,0,0,0.0,5.19
17.048,77,SEARCH,0,0.0,-1,-1,0,0,0.0,5.16
17.31,78,SEARCH,0,0.0,-1,-1,0,0,0.0,3.81
17.524,79,SEARCH,0,0.0,-1,-1,0,0,0.0,4.66
17.723,80,SEARCH,0,0.0,-1,-1,0,0,0.0,5.03
17.908,81,SEARCH,0,0.0,-1,-1,0,0,0.0,5.41
18.092,82,SEARCH,0,0.0,-1,-1,0,0,0.0,5.44
18.278,83,SEARCH,0,0.0,-1,-1,0,0,0.0,5.37
18.466,84,SEARCH,0,0.0,-1,-1,0,0,0.0,5.34
18.653,85,SEARCH,0,0.0,-1,-1,0,0,0.0,5.34
18.842,86,SEARCH,0,0.0,-1,-1,0,0,0.0,5.29
19.031,87,SEARCH,0,0.0,-1,-1,0,0,0.0,5.28
19.216,88,SEARCH,0,0.0,-1,-1,0,0,0.0,5.42
19.416,89,SEARCH,0,0.0,-1,-1,0,0,0.0,4.98
19.602,90,SEARCH,0,0.0,-1,-1,0,0,0.0,5.38
19.791,91,SEARCH,0,0.0,-1,-1,0,0,0.0,5.31
19.974,92,SEARCH,0,0.0,-1,-1,0,0,0.0,5.46
20.152,93,SEARCH,0,0.0,-1,-1,0,0,0.0,5.62
20.347,94,SEARCH,0,0.0,-1,-1,0,0,0.0,5.11
20.526,95,SEARCH,0,0.0,-1,-1,0,0,0.0,5.61
20.722,96,SEARCH,0,0.0,-1,-1,0,0,0.0,5.09
20.907,97,SEARCH,0,0.0,-1,-1,0,0,0.0,5.41
21.093,98,SEARCH,0,0.0,-1,-1,0,0,0.0,5.38
21.277,99,SEARCH,0,0.0,-1,-1,0,0,0.0,5.45
21.471,100,SEARCH,0,0.0,-1,-1,0,0,0.0,5.15
21.656,101,SEARCH,0,0.0,-1,-1,0,0,0.0,5.4
21.845,102,SEARCH,0,0.0,-1,-1,0,0,0.0,5.29
22.032,103,SEARCH,0,0.0,-1,-1,0,0,0.0,5.35
22.221,104,SEARCH,0,0.0,-1,-1,0,0,0.0,5.29
22.415,105,SEARCH,0,0.0,-1,-1,0,0,0.0,5.17
22.603,106,SEARCH,0,0.0,-1,-1,0,0,0.0,5.32
22.806,107,SEARCH,0,0.0,-1,-1,0,0,0.0,4.91
22.995,108,SEARCH,0,0.0,-1,-1,0,0,0.0,5.29
23.196,109,SEARCH,0,0.0,-1,-1,0,0,0.0,4.99
23.386,110,SEARCH,0,0.0,-1,-1,0,0,0.0,5.26
23.574,111,SEARCH,0,0.0,-1,-1,0,0,0.0,5.32
23.76,112,SEARCH,0,0.0,-1,-1,0,0,0.0,5.35
23.958,113,SEARCH,0,0.0,-1,-1,0,0,0.0,5.07
24.147,114,SEARCH,0,0.0,-1,-1,0,0,0.0,5.28
24.333,115,SEARCH,0,0.0,-1,-1,0,0,0.0,5.39
24.509,116,SEARCH,0,0.0,-1,-1,0,0,0.0,5.68
24.7,117,SEARCH,0,0.0,-1,-1,0,0,0.0,5.24
24.889,118,SEARCH,0,0.0,-1,-1,0,0,0.0,5.28
25.087,119,SEARCH,0,0.0,-1,-1,0,0,0.0,5.04
25.28,120,SEARCH,0,0.0,-1,-1,0,0,0.0,5.19
25.48,121,SEARCH,0,0.0,-1,-1,0,0,0.0,4.99
25.665,122,SEARCH,0,0.0,-1,-1,0,0,0.0,5.42
25.918,123,SEARCH,0,0.0,-1,-1,0,0,0.0,3.95
26.145,124,TURN_RIGHT,1,0.567,382,338,62,98,0.193899,4.4
26.35,125,SEARCH,0,0.0,-1,-1,0,0,0.0,4.87
26.546,126,SEARCH,0,0.0,-1,-1,0,0,0.0,5.1
26.729,127,SEARCH,0,0.0,-1,-1,0,0,0.0,5.47
26.911,128,SEARCH,0,0.0,-1,-1,0,0,0.0,5.51
27.099,129,SEARCH,0,0.0,-1,-1,0,0,0.0,5.32
27.279,130,SEARCH,0,0.0,-1,-1,0,0,0.0,5.54
27.493,131,SEARCH,0,0.0,-1,-1,0,0,0.0,4.69
27.679,132,TURN_RIGHT,1,0.4466,439,347,119,107,0.155498,5.36
27.859,133,SEARCH,0,0.0,-1,-1,0,0,0.0,5.57
28.047,134,SEARCH,0,0.0,-1,-1,0,0,0.0,5.32
28.231,135,TURN_RIGHT,1,0.5539,401,374,81,134,0.108089,5.43
28.422,136,TURN_RIGHT,1,0.7917,424,380,104,140,0.10784,5.22
28.616,137,SEARCH,0,0.0,-1,-1,0,0,0.0,5.16
28.812,138,SEARCH,0,0.0,-1,-1,0,0,0.0,5.12
29.009,139,SEARCH,0,0.0,-1,-1,0,0,0.0,5.08
29.197,140,SEARCH,0,0.0,-1,-1,0,0,0.0,5.3
29.395,141,SEARCH,0,0.0,-1,-1,0,0,0.0,5.04
29.598,142,SEARCH,0,0.0,-1,-1,0,0,0.0,4.93
29.789,143,SEARCH,0,0.0,-1,-1,0,0,0.0,5.25
30.013,144,SEARCH,0,0.0,-1,-1,0,0,0.0,4.47
30.196,145,SEARCH,0,0.0,-1,-1,0,0,0.0,5.46
30.388,146,SEARCH,0,0.0,-1,-1,0,0,0.0,5.2
30.591,147,SEARCH,0,0.0,-1,-1,0,0,0.0,4.92
30.788,148,SEARCH,0,0.0,-1,-1,0,0,0.0,5.07
30.981,149,SEARCH,0,0.0,-1,-1,0,0,0.0,5.18
31.175,150,SEARCH,0,0.0,-1,-1,0,0,0.0,5.16
31.364,151,SEARCH,0,0.0,-1,-1,0,0,0.0,5.31
31.559,152,TURN_RIGHT,1,0.3598,621,157,301,-83,0.009179,5.11
31.74,153,SEARCH,0,0.0,-1,-1,0,0,0.0,5.54
31.93,154,SEARCH,0,0.0,-1,-1,0,0,0.0,5.26
32.126,155,SEARCH,0,0.0,-1,-1,0,0,0.0,5.1
32.319,156,SEARCH,0,0.0,-1,-1,0,0,0.0,5.2
32.5,157,SEARCH,0,0.0,-1,-1,0,0,0.0,5.51
32.691,158,SEARCH,0,0.0,-1,-1,0,0,0.0,5.25
32.876,159,SEARCH,0,0.0,-1,-1,0,0,0.0,5.39
33.061,160,SEARCH,0,0.0,-1,-1,0,0,0.0,5.4
33.253,161,SEARCH,0,0.0,-1,-1,0,0,0.0,5.22
33.443,162,SEARCH,0,0.0,-1,-1,0,0,0.0,5.24
33.636,163,SEARCH,0,0.0,-1,-1,0,0,0.0,5.19
33.827,164,SEARCH,0,0.0,-1,-1,0,0,0.0,5.23
34.018,165,SEARCH,0,0.0,-1,-1,0,0,0.0,5.24
34.212,166,SEARCH,0,0.0,-1,-1,0,0,0.0,5.16
34.458,167,SEARCH,0,0.0,-1,-1,0,0,0.0,4.05
34.683,168,SEARCH,0,0.0,-1,-1,0,0,0.0,4.45
34.876,169,SEARCH,0,0.0,-1,-1,0,0,0.0,5.2
35.062,170,SEARCH,0,0.0,-1,-1,0,0,0.0,5.37
35.247,171,SEARCH,0,0.0,-1,-1,0,0,0.0,5.4
35.439,172,SEARCH,0,0.0,-1,-1,0,0,0.0,5.22
35.628,173,SEARCH,0,0.0,-1,-1,0,0,0.0,5.27
35.821,174,SEARCH,0,0.0,-1,-1,0,0,0.0,5.19
36.015,175,SEARCH,0,0.0,-1,-1,0,0,0.0,5.16
36.2,176,SEARCH,0,0.0,-1,-1,0,0,0.0,5.4
36.396,177,SEARCH,0,0.0,-1,-1,0,0,0.0,5.11
36.582,178,SEARCH,0,0.0,-1,-1,0,0,0.0,5.37
36.775,179,SEARCH,0,0.0,-1,-1,0,0,0.0,5.18
36.975,180,SEARCH,0,0.0,-1,-1,0,0,0.0,5.02
37.187,181,SEARCH,0,0.0,-1,-1,0,0,0.0,4.71
37.409,182,SEARCH,0,0.0,-1,-1,0,0,0.0,4.51
37.624,183,SEARCH,0,0.0,-1,-1,0,0,0.0,4.64
37.852,184,SEARCH,0,0.0,-1,-1,0,0,0.0,4.39
38.047,185,SEARCH,0,0.0,-1,-1,0,0,0.0,5.12
38.299,186,SEARCH,0,0.0,-1,-1,0,0,0.0,3.97
38.515,187,SEARCH,0,0.0,-1,-1,0,0,0.0,4.63
38.72,188,SEARCH,0,0.0,-1,-1,0,0,0.0,4.87
38.915,189,SEARCH,0,0.0,-1,-1,0,0,0.0,5.13
39.135,190,SEARCH,0,0.0,-1,-1,0,0,0.0,4.56
39.34,191,SEARCH,0,0.0,-1,-1,0,0,0.0,4.86
39.564,192,SEARCH,0,0.0,-1,-1,0,0,0.0,4.47
39.747,193,SEARCH,0,0.0,-1,-1,0,0,0.0,5.47
39.933,194,SEARCH,0,0.0,-1,-1,0,0,0.0,5.37
40.16,195,SEARCH,0,0.0,-1,-1,0,0,0.0,4.4
40.404,196,SEARCH,0,0.0,-1,-1,0,0,0.0,4.1
40.687,197,SEARCH,0,0.0,-1,-1,0,0,0.0,3.54
40.905,198,SEARCH,0,0.0,-1,-1,0,0,0.0,4.59
41.136,199,SEARCH,0,0.0,-1,-1,0,0,0.0,4.32
41.331,200,SEARCH,0,0.0,-1,-1,0,0,0.0,5.14
41.548,201,SEARCH,0,0.0,-1,-1,0,0,0.0,4.6
41.741,202,SEARCH,0,0.0,-1,-1,0,0,0.0,5.17
41.963,203,SEARCH,0,0.0,-1,-1,0,0,0.0,4.51
42.147,204,SEARCH,0,0.0,-1,-1,0,0,0.0,5.44
42.333,205,SEARCH,0,0.0,-1,-1,0,0,0.0,5.38
42.526,206,SEARCH,0,0.0,-1,-1,0,0,0.0,5.18
42.798,207,SEARCH,0,0.0,-1,-1,0,0,0.0,3.67
43.094,208,SEARCH,0,0.0,-1,-1,0,0,0.0,3.38
43.305,209,SEARCH,0,0.0,-1,-1,0,0,0.0,4.75
43.517,210,SEARCH,0,0.0,-1,-1,0,0,0.0,4.71
43.712,211,SEARCH,0,0.0,-1,-1,0,0,0.0,5.12
43.9,212,SEARCH,0,0.0,-1,-1,0,0,0.0,5.31
44.085,213,SEARCH,0,0.0,-1,-1,0,0,0.0,5.4
44.28,214,SEARCH,0,0.0,-1,-1,0,0,0.0,5.14
44.477,215,SEARCH,0,0.0,-1,-1,0,0,0.0,5.09
44.683,216,SEARCH,0,0.0,-1,-1,0,0,0.0,4.84
44.868,217,SEARCH,0,0.0,-1,-1,0,0,0.0,5.42
45.05,218,SEARCH,0,0.0,-1,-1,0,0,0.0,5.49
45.259,219,SEARCH,0,0.0,-1,-1,0,0,0.0,4.78
45.439,220,SEARCH,0,0.0,-1,-1,0,0,0.0,5.56
45.628,221,SEARCH,0,0.0,-1,-1,0,0,0.0,5.3
45.817,222,SEARCH,0,0.0,-1,-1,0,0,0.0,5.29
46.006,223,SEARCH,0,0.0,-1,-1,0,0,0.0,5.3
46.212,224,SEARCH,0,0.0,-1,-1,0,0,0.0,4.83
46.403,225,SEARCH,0,0.0,-1,-1,0,0,0.0,5.25
46.584,226,SEARCH,0,0.0,-1,-1,0,0,0.0,5.52
46.769,227,SEARCH,0,0.0,-1,-1,0,0,0.0,5.4
46.949,228,SEARCH,0,0.0,-1,-1,0,0,0.0,5.55
47.14,229,SEARCH,0,0.0,-1,-1,0,0,0.0,5.24
47.325,230,SEARCH,0,0.0,-1,-1,0,0,0.0,5.41
47.504,231,SEARCH,0,0.0,-1,-1,0,0,0.0,5.59
47.688,232,SEARCH,0,0.0,-1,-1,0,0,0.0,5.43
47.878,233,SEARCH,0,0.0,-1,-1,0,0,0.0,5.25
48.067,234,SEARCH,0,0.0,-1,-1,0,0,0.0,5.31
48.243,235,SEARCH,0,0.0,-1,-1,0,0,0.0,5.67
48.428,236,SEARCH,0,0.0,-1,-1,0,0,0.0,5.42
48.61,237,SEARCH,0,0.0,-1,-1,0,0,0.0,5.5
48.801,238,SEARCH,0,0.0,-1,-1,0,0,0.0,5.23
48.978,239,SEARCH,0,0.0,-1,-1,0,0,0.0,5.63
49.162,240,SEARCH,0,0.0,-1,-1,0,0,0.0,5.44
49.345,241,SEARCH,0,0.0,-1,-1,0,0,0.0,5.47
49.53,242,SEARCH,0,0.0,-1,-1,0,0,0.0,5.4
49.715,243,SEARCH,0,0.0,-1,-1,0,0,0.0,5.42
49.894,244,SEARCH,0,0.0,-1,-1,0,0,0.0,5.57
50.077,245,SEARCH,0,0.0,-1,-1,0,0,0.0,5.47
50.258,246,SEARCH,0,0.0,-1,-1,0,0,0.0,5.51
50.447,247,SEARCH,0,0.0,-1,-1,0,0,0.0,5.31
50.628,248,SEARCH,0,0.0,-1,-1,0,0,0.0,5.51
50.826,249,SEARCH,0,0.0,-1,-1,0,0,0.0,5.05
51.017,250,SEARCH,0,0.0,-1,-1,0,0,0.0,5.24
51.21,251,SEARCH,0,0.0,-1,-1,0,0,0.0,5.19
51.47,252,SEARCH,0,0.0,-1,-1,0,0,0.0,3.84
51.677,253,SEARCH,0,0.0,-1,-1,0,0,0.0,4.84
51.883,254,SEARCH,0,0.0,-1,-1,0,0,0.0,4.85
52.065,255,SEARCH,0,0.0,-1,-1,0,0,0.0,5.51
52.254,256,SEARCH,0,0.0,-1,-1,0,0,0.0,5.29
52.44,257,SEARCH,0,0.0,-1,-1,0,0,0.0,5.37
52.64,258,SEARCH,0,0.0,-1,-1,0,0,0.0,5.01
52.823,259,SEARCH,0,0.0,-1,-1,0,0,0.0,5.47
53.0,260,SEARCH,0,0.0,-1,-1,0,0,0.0,5.65
53.186,261,SEARCH,0,0.0,-1,-1,0,0,0.0,5.35
53.385,262,SEARCH,0,0.0,-1,-1,0,0,0.0,5.04
53.57,263,SEARCH,0,0.0,-1,-1,0,0,0.0,5.4
53.762,264,SEARCH,0,0.0,-1,-1,0,0,0.0,5.21
53.956,265,SEARCH,0,0.0,-1,-1,0,0,0.0,5.15
54.15,266,SEARCH,0,0.0,-1,-1,0,0,0.0,5.16
54.345,267,SEARCH,0,0.0,-1,-1,0,0,0.0,5.14
54.528,268,SEARCH,0,0.0,-1,-1,0,0,0.0,5.46
54.717,269,SEARCH,0,0.0,-1,-1,0,0,0.0,5.28
54.902,270,SEARCH,0,0.0,-1,-1,0,0,0.0,5.4
55.09,271,SEARCH,0,0.0,-1,-1,0,0,0.0,5.34
55.281,272,SEARCH,0,0.0,-1,-1,0,0,0.0,5.23
55.463,273,SEARCH,0,0.0,-1,-1,0,0,0.0,5.48
55.649,274,SEARCH,0,0.0,-1,-1,0,0,0.0,5.38
55.828,275,SEARCH,0,0.0,-1,-1,0,0,0.0,5.61
56.012,276,SEARCH,0,0.0,-1,-1,0,0,0.0,5.42
56.202,277,SEARCH,0,0.0,-1,-1,0,0,0.0,5.26
56.394,278,SEARCH,0,0.0,-1,-1,0,0,0.0,5.21
56.579,279,SEARCH,0,0.0,-1,-1,0,0,0.0,5.42
56.765,280,SEARCH,0,0.0,-1,-1,0,0,0.0,5.37
56.95,281,SEARCH,0,0.0,-1,-1,0,0,0.0,5.4
57.144,282,SEARCH,0,0.0,-1,-1,0,0,0.0,5.17
57.333,283,SEARCH,0,0.0,-1,-1,0,0,0.0,5.27
57.516,284,SEARCH,0,0.0,-1,-1,0,0,0.0,5.48
57.705,285,SEARCH,0,0.0,-1,-1,0,0,0.0,5.27
57.88,286,SEARCH,0,0.0,-1,-1,0,0,0.0,5.73
58.058,287,SEARCH,0,0.0,-1,-1,0,0,0.0,5.59
58.247,288,SEARCH,0,0.0,-1,-1,0,0,0.0,5.31
58.431,289,SEARCH,0,0.0,-1,-1,0,0,0.0,5.43
58.618,290,SEARCH,0,0.0,-1,-1,0,0,0.0,5.36
58.801,291,SEARCH,0,0.0,-1,-1,0,0,0.0,5.45
58.985,292,SEARCH,0,0.0,-1,-1,0,0,0.0,5.42
59.16,293,SEARCH,0,0.0,-1,-1,0,0,0.0,5.72
59.349,294,SEARCH,0,0.0,-1,-1,0,0,0.0,5.29
59.533,295,SEARCH,0,0.0,-1,-1,0,0,0.0,5.44
59.713,296,SEARCH,0,0.0,-1,-1,0,0,0.0,5.58
59.939,297,SEARCH,0,0.0,-1,-1,0,0,0.0,4.42
60.143,298,SEARCH,0,0.0,-1,-1,0,0,0.0,4.88
60.361,299,SEARCH,0,0.0,-1,-1,0,0,0.0,4.6
60.553,300,SEARCH,0,0.0,-1,-1,0,0,0.0,5.2
60.73,301,SEARCH,0,0.0,-1,-1,0,0,0.0,5.64
60.914,302,SEARCH,0,0.0,-1,-1,0,0,0.0,5.46
61.101,303,SEARCH,0,0.0,-1,-1,0,0,0.0,5.35
61.281,304,SEARCH,0,0.0,-1,-1,0,0,0.0,5.53
61.478,305,SEARCH,0,0.0,-1,-1,0,0,0.0,5.09
61.664,306,SEARCH,0,0.0,-1,-1,0,0,0.0,5.37
61.858,307,SEARCH,0,0.0,-1,-1,0,0,0.0,5.16
62.139,308,SEARCH,0,0.0,-1,-1,0,0,0.0,3.56
62.408,309,SEARCH,0,0.0,-1,-1,0,0,0.0,3.72
62.591,310,SEARCH,0,0.0,-1,-1,0,0,0.0,5.45
62.781,311,SEARCH,0,0.0,-1,-1,0,0,0.0,5.28
62.966,312,SEARCH,0,0.0,-1,-1,0,0,0.0,5.4
63.143,313,SEARCH,0,0.0,-1,-1,0,0,0.0,5.66
63.32,314,SEARCH,0,0.0,-1,-1,0,0,0.0,5.65
63.503,315,SEARCH,0,0.0,-1,-1,0,0,0.0,5.44
63.678,316,SEARCH,0,0.0,-1,-1,0,0,0.0,5.74
63.868,317,SEARCH,0,0.0,-1,-1,0,0,0.0,5.25
64.049,318,SEARCH,0,0.0,-1,-1,0,0,0.0,5.54
64.231,319,SEARCH,0,0.0,-1,-1,0,0,0.0,5.51
64.423,320,SEARCH,0,0.0,-1,-1,0,0,0.0,5.19
64.612,321,SEARCH,0,0.0,-1,-1,0,0,0.0,5.3
64.793,322,SEARCH,0,0.0,-1,-1,0,0,0.0,5.52
64.978,323,SEARCH,0,0.0,-1,-1,0,0,0.0,5.39
65.182,324,SEARCH,0,0.0,-1,-1,0,0,0.0,4.91
65.367,325,SEARCH,0,0.0,-1,-1,0,0,0.0,5.4
65.575,326,SEARCH,0,0.0,-1,-1,0,0,0.0,4.8
65.766,327,SEARCH,0,0.0,-1,-1,0,0,0.0,5.26
65.952,328,SEARCH,0,0.0,-1,-1,0,0,0.0,5.37
66.149,329,SEARCH,0,0.0,-1,-1,0,0,0.0,5.08
66.334,330,SEARCH,0,0.0,-1,-1,0,0,0.0,5.41
66.52,331,SEARCH,0,0.0,-1,-1,0,0,0.0,5.37
66.7,332,SEARCH,0,0.0,-1,-1,0,0,0.0,5.55
66.885,333,SEARCH,0,0.0,-1,-1,0,0,0.0,5.39
67.078,334,SEARCH,0,0.0,-1,-1,0,0,0.0,5.19
67.276,335,SEARCH,0,0.0,-1,-1,0,0,0.0,5.06
67.464,336,SEARCH,0,0.0,-1,-1,0,0,0.0,5.31
67.644,337,SEARCH,0,0.0,-1,-1,0,0,0.0,5.57
67.82,338,SEARCH,0,0.0,-1,-1,0,0,0.0,5.67
68.0,339,SEARCH,0,0.0,-1,-1,0,0,0.0,5.55
68.174,340,SEARCH,0,0.0,-1,-1,0,0,0.0,5.76
68.368,341,SEARCH,0,0.0,-1,-1,0,0,0.0,5.14
68.612,342,SEARCH,0,0.0,-1,-1,0,0,0.0,4.11
68.821,343,SEARCH,0,0.0,-1,-1,0,0,0.0,4.77
69.005,344,SEARCH,0,0.0,-1,-1,0,0,0.0,5.45
69.193,345,SEARCH,0,0.0,-1,-1,0,0,0.0,5.32
69.379,346,SEARCH,0,0.0,-1,-1,0,0,0.0,5.37
69.564,347,SEARCH,0,0.0,-1,-1,0,0,0.0,5.41
69.762,348,SEARCH,0,0.0,-1,-1,0,0,0.0,5.06
69.969,349,SEARCH,0,0.0,-1,-1,0,0,0.0,4.83
70.151,350,SEARCH,0,0.0,-1,-1,0,0,0.0,5.48
70.343,351,SEARCH,0,0.0,-1,-1,0,0,0.0,5.22
70.533,352,SEARCH,0,0.0,-1,-1,0,0,0.0,5.26
70.719,353,SEARCH,0,0.0,-1,-1,0,0,0.0,5.37
70.915,354,SEARCH,0,0.0,-1,-1,0,0,0.0,5.1
71.1,355,SEARCH,0,0.0,-1,-1,0,0,0.0,5.42
71.281,356,SEARCH,0,0.0,-1,-1,0,0,0.0,5.5
71.467,357,SEARCH,0,0.0,-1,-1,0,0,0.0,5.39
71.655,358,SEARCH,0,0.0,-1,-1,0,0,0.0,5.33
71.831,359,SEARCH,0,0.0,-1,-1,0,0,0.0,5.67
72.015,360,SEARCH,0,0.0,-1,-1,0,0,0.0,5.43
72.196,361,SEARCH,0,0.0,-1,-1,0,0,0.0,5.54
72.39,362,SEARCH,0,0.0,-1,-1,0,0,0.0,5.16
72.573,363,SEARCH,0,0.0,-1,-1,0,0,0.0,5.45
72.753,364,SEARCH,0,0.0,-1,-1,0,0,0.0,5.55
72.925,365,SEARCH,0,0.0,-1,-1,0,0,0.0,5.83
73.116,366,SEARCH,0,0.0,-1,-1,0,0,0.0,5.23
73.307,367,SEARCH,0,0.0,-1,-1,0,0,0.0,5.23
73.505,368,SEARCH,0,0.0,-1,-1,0,0,0.0,5.07
73.698,369,SEARCH,0,0.0,-1,-1,0,0,0.0,5.16
73.887,370,SEARCH,0,0.0,-1,-1,0,0,0.0,5.29
74.088,371,SEARCH,0,0.0,-1,-1,0,0,0.0,4.99
74.288,372,SEARCH,0,0.0,-1,-1,0,0,0.0,5.0
74.545,373,SEARCH,0,0.0,-1,-1,0,0,0.0,3.88
74.735,374,SEARCH,0,0.0,-1,-1,0,0,0.0,5.29
74.921,375,SEARCH,0,0.0,-1,-1,0,0,0.0,5.36
75.104,376,SEARCH,0,0.0,-1,-1,0,0,0.0,5.47
75.288,377,SEARCH,0,0.0,-1,-1,0,0,0.0,5.44
75.483,378,SEARCH,0,0.0,-1,-1,0,0,0.0,5.12
75.669,379,SEARCH,0,0.0,-1,-1,0,0,0.0,5.37
75.852,380,SEARCH,0,0.0,-1,-1,0,0,0.0,5.45
76.031,381,SEARCH,0,0.0,-1,-1,0,0,0.0,5.6
76.203,382,SEARCH,0,0.0,-1,-1,0,0,0.0,5.82
76.387,383,SEARCH,0,0.0,-1,-1,0,0,0.0,5.43
76.559,384,SEARCH,0,0.0,-1,-1,0,0,0.0,5.83
76.74,385,SEARCH,0,0.0,-1,-1,0,0,0.0,5.52
76.925,386,SEARCH,0,0.0,-1,-1,0,0,0.0,5.41
77.177,387,SEARCH,0,0.0,-1,-1,0,0,0.0,3.96
77.387,388,SEARCH,0,0.0,-1,-1,0,0,0.0,4.76
77.588,389,SEARCH,0,0.0,-1,-1,0,0,0.0,4.99
77.773,390,SEARCH,0,0.0,-1,-1,0,0,0.0,5.41
77.952,391,SEARCH,0,0.0,-1,-1,0,0,0.0,5.58
78.13,392,SEARCH,0,0.0,-1,-1,0,0,0.0,5.62
78.312,393,SEARCH,0,0.0,-1,-1,0,0,0.0,5.5
78.497,394,SEARCH,0,0.0,-1,-1,0,0,0.0,5.41
78.683,395,SEARCH,0,0.0,-1,-1,0,0,0.0,5.37
78.871,396,SEARCH,0,0.0,-1,-1,0,0,0.0,5.33
79.048,397,SEARCH,0,0.0,-1,-1,0,0,0.0,5.64
79.234,398,SEARCH,0,0.0,-1,-1,0,0,0.0,5.37
79.416,399,SEARCH,0,0.0,-1,-1,0,0,0.0,5.49
79.593,400,SEARCH,0,0.0,-1,-1,0,0,0.0,5.66
79.776,401,SEARCH,0,0.0,-1,-1,0,0,0.0,5.47
79.964,402,SEARCH,0,0.0,-1,-1,0,0,0.0,5.31
80.155,403,SEARCH,0,0.0,-1,-1,0,0,0.0,5.25
80.344,404,SEARCH,0,0.0,-1,-1,0,0,0.0,5.27
80.529,405,SEARCH,0,0.0,-1,-1,0,0,0.0,5.41
80.717,406,SEARCH,0,0.0,-1,-1,0,0,0.0,5.31
80.911,407,SEARCH,0,0.0,-1,-1,0,0,0.0,5.16
81.098,408,SEARCH,0,0.0,-1,-1,0,0,0.0,5.36
81.274,409,SEARCH,0,0.0,-1,-1,0,0,0.0,5.67
81.466,410,SEARCH,0,0.0,-1,-1,0,0,0.0,5.21
81.649,411,SEARCH,0,0.0,-1,-1,0,0,0.0,5.46
81.831,412,SEARCH,0,0.0,-1,-1,0,0,0.0,5.48
82.026,413,SEARCH,0,0.0,-1,-1,0,0,0.0,5.13
82.206,414,SEARCH,0,0.0,-1,-1,0,0,0.0,5.57
82.458,415,SEARCH,0,0.0,-1,-1,0,0,0.0,3.96
82.676,416,SEARCH,0,0.0,-1,-1,0,0,0.0,4.6
82.884,417,SEARCH,0,0.0,-1,-1,0,0,0.0,4.82
83.083,418,SEARCH,0,0.0,-1,-1,0,0,0.0,5.03
83.276,419,SEARCH,0,0.0,-1,-1,0,0,0.0,5.17
83.456,420,SEARCH,0,0.0,-1,-1,0,0,0.0,5.56
83.637,421,SEARCH,0,0.0,-1,-1,0,0,0.0,5.51
83.82,422,SEARCH,0,0.0,-1,-1,0,0,0.0,5.48
84.0,423,SEARCH,0,0.0,-1,-1,0,0,0.0,5.56
84.194,424,SEARCH,0,0.0,-1,-1,0,0,0.0,5.16
84.381,425,SEARCH,0,0.0,-1,-1,0,0,0.0,5.34
84.57,426,SEARCH,0,0.0,-1,-1,0,0,0.0,5.29
84.747,427,SEARCH,0,0.0,-1,-1,0,0,0.0,5.66
84.935,428,SEARCH,0,0.0,-1,-1,0,0,0.0,5.32
85.211,429,SEARCH,0,0.0,-1,-1,0,0,0.0,3.61
85.44,430,SEARCH,0,0.0,-1,-1,0,0,0.0,4.38
85.677,431,SEARCH,0,0.0,-1,-1,0,0,0.0,4.21
85.892,432,SEARCH,0,0.0,-1,-1,0,0,0.0,4.66
86.092,433,SEARCH,0,0.0,-1,-1,0,0,0.0,4.99
86.294,434,SEARCH,0,0.0,-1,-1,0,0,0.0,4.97
86.49,435,SEARCH,0,0.0,-1,-1,0,0,0.0,5.1
86.675,436,SEARCH,0,0.0,-1,-1,0,0,0.0,5.41
86.865,437,SEARCH,0,0.0,-1,-1,0,0,0.0,5.27
87.047,438,SEARCH,0,0.0,-1,-1,0,0,0.0,5.5
87.231,439,SEARCH,0,0.0,-1,-1,0,0,0.0,5.42
87.41,440,SEARCH,0,0.0,-1,-1,0,0,0.0,5.58
87.594,441,SEARCH,0,0.0,-1,-1,0,0,0.0,5.43
87.775,442,SEARCH,0,0.0,-1,-1,0,0,0.0,5.54
87.962,443,SEARCH,0,0.0,-1,-1,0,0,0.0,5.35
88.147,444,SEARCH,0,0.0,-1,-1,0,0,0.0,5.39
88.329,445,SEARCH,0,0.0,-1,-1,0,0,0.0,5.49
88.511,446,SEARCH,0,0.0,-1,-1,0,0,0.0,5.51
88.684,447,SEARCH,0,0.0,-1,-1,0,0,0.0,5.76
88.873,448,SEARCH,0,0.0,-1,-1,0,0,0.0,5.32
89.064,449,SEARCH,0,0.0,-1,-1,0,0,0.0,5.24
89.249,450,SEARCH,0,0.0,-1,-1,0,0,0.0,5.39
89.436,451,SEARCH,0,0.0,-1,-1,0,0,0.0,5.35
89.615,452,SEARCH,0,0.0,-1,-1,0,0,0.0,5.57
89.798,453,SEARCH,0,0.0,-1,-1,0,0,0.0,5.48
89.991,454,SEARCH,0,0.0,-1,-1,0,0,0.0,5.19
90.183,455,SEARCH,0,0.0,-1,-1,0,0,0.0,5.21
90.368,456,SEARCH,0,0.0,-1,-1,0,0,0.0,5.39
90.556,457,SEARCH,0,0.0,-1,-1,0,0,0.0,5.33
90.733,458,SEARCH,0,0.0,-1,-1,0,0,0.0,5.64
90.922,459,SEARCH,0,0.0,-1,-1,0,0,0.0,5.29
91.11,460,SEARCH,0,0.0,-1,-1,0,0,0.0,5.32
91.298,461,SEARCH,0,0.0,-1,-1,0,0,0.0,5.33
91.483,462,SEARCH,0,0.0,-1,-1,0,0,0.0,5.4
91.667,463,SEARCH,0,0.0,-1,-1,0,0,0.0,5.43
91.858,464,SEARCH,0,0.0,-1,-1,0,0,0.0,5.26
92.043,465,SEARCH,0,0.0,-1,-1,0,0,0.0,5.4
92.22,466,SEARCH,0,0.0,-1,-1,0,0,0.0,5.64
92.415,467,SEARCH,0,0.0,-1,-1,0,0,0.0,5.14
92.602,468,SEARCH,0,0.0,-1,-1,0,0,0.0,5.34
92.78,469,SEARCH,0,0.0,-1,-1,0,0,0.0,5.62
92.978,470,SEARCH,0,0.0,-1,-1,0,0,0.0,5.06
93.162,471,SEARCH,0,0.0,-1,-1,0,0,0.0,5.42
93.356,472,SEARCH,0,0.0,-1,-1,0,0,0.0,5.16
93.545,473,SEARCH,0,0.0,-1,-1,0,0,0.0,5.3
93.74,474,SEARCH,0,0.0,-1,-1,0,0,0.0,5.11
93.933,475,SEARCH,0,0.0,-1,-1,0,0,0.0,5.21
94.119,476,SEARCH,0,0.0,-1,-1,0,0,0.0,5.35
94.312,477,SEARCH,0,0.0,-1,-1,0,0,0.0,5.19
94.538,478,SEARCH,0,0.0,-1,-1,0,0,0.0,4.43
94.735,479,SEARCH,0,0.0,-1,-1,0,0,0.0,5.05
94.931,480,SEARCH,0,0.0,-1,-1,0,0,0.0,5.11
95.118,481,SEARCH,0,0.0,-1,-1,0,0,0.0,5.36
95.588,482,SEARCH,0,0.0,-1,-1,0,0,0.0,2.13
95.777,483,SEARCH,0,0.0,-1,-1,0,0,0.0,5.29
95.962,484,SEARCH,0,0.0,-1,-1,0,0,0.0,5.4
96.154,485,SEARCH,0,0.0,-1,-1,0,0,0.0,5.21
96.338,486,SEARCH,0,0.0,-1,-1,0,0,0.0,5.44
96.517,487,SEARCH,0,0.0,-1,-1,0,0,0.0,5.6
96.712,488,SEARCH,0,0.0,-1,-1,0,0,0.0,5.13
96.891,489,SEARCH,0,0.0,-1,-1,0,0,0.0,5.59
97.083,490,SEARCH,0,0.0,-1,-1,0,0,0.0,5.21
97.269,491,SEARCH,0,0.0,-1,-1,0,0,0.0,5.35
97.456,492,SEARCH,0,0.0,-1,-1,0,0,0.0,5.37
97.637,493,SEARCH,0,0.0,-1,-1,0,0,0.0,5.52
97.823,494,SEARCH,0,0.0,-1,-1,0,0,0.0,5.36
97.998,495,SEARCH,0,0.0,-1,-1,0,0,0.0,5.73
98.187,496,SEARCH,0,0.0,-1,-1,0,0,0.0,5.28
98.382,497,SEARCH,0,0.0,-1,-1,0,0,0.0,5.13
98.567,498,SEARCH,0,0.0,-1,-1,0,0,0.0,5.41
98.761,499,SEARCH,0,0.0,-1,-1,0,0,0.0,5.15
98.95,500,SEARCH,0,0.0,-1,-1,0,0,0.0,5.29
99.14,501,SEARCH,0,0.0,-1,-1,0,0,0.0,5.26
99.325,502,SEARCH,0,0.0,-1,-1,0,0,0.0,5.42
99.512,503,SEARCH,0,0.0,-1,-1,0,0,0.0,5.35
99.696,504,SEARCH,0,0.0,-1,-1,0,0,0.0,5.43
99.88,505,SEARCH,0,0.0,-1,-1,0,0,0.0,5.42
100.07,506,SEARCH,0,0.0,-1,-1,0,0,0.0,5.26
100.266,507,SEARCH,0,0.0,-1,-1,0,0,0.0,5.11
100.448,508,SEARCH,0,0.0,-1,-1,0,0,0.0,5.5
100.629,509,SEARCH,0,0.0,-1,-1,0,0,0.0,5.53
100.808,510,SEARCH,0,0.0,-1,-1,0,0,0.0,5.57
100.99,511,SEARCH,0,0.0,-1,-1,0,0,0.0,5.5
101.177,512,SEARCH,0,0.0,-1,-1,0,0,0.0,5.36
101.365,513,SEARCH,0,0.0,-1,-1,0,0,0.0,5.31
101.559,514,SEARCH,0,0.0,-1,-1,0,0,0.0,5.15
101.741,515,SEARCH,0,0.0,-1,-1,0,0,0.0,5.5
101.923,516,SEARCH,0,0.0,-1,-1,0,0,0.0,5.49
102.103,517,SEARCH,0,0.0,-1,-1,0,0,0.0,5.55
102.298,518,SEARCH,0,0.0,-1,-1,0,0,0.0,5.13
102.475,519,SEARCH,0,0.0,-1,-1,0,0,0.0,5.65
102.652,520,SEARCH,0,0.0,-1,-1,0,0,0.0,5.64
102.852,521,SEARCH,0,0.0,-1,-1,0,0,0.0,5.01
103.135,522,SEARCH,0,0.0,-1,-1,0,0,0.0,3.53
103.383,523,SEARCH,0,0.0,-1,-1,0,0,0.0,4.02
103.682,524,SEARCH,0,0.0,-1,-1,0,0,0.0,3.35
103.909,525,SEARCH,0,0.0,-1,-1,0,0,0.0,4.41
104.097,526,SEARCH,0,0.0,-1,-1,0,0,0.0,5.32
104.303,527,SEARCH,0,0.0,-1,-1,0,0,0.0,4.85
104.502,528,SEARCH,0,0.0,-1,-1,0,0,0.0,5.04
104.687,529,SEARCH,0,0.0,-1,-1,0,0,0.0,5.4
104.908,530,SEARCH,0,0.0,-1,-1,0,0,0.0,4.53
105.108,531,SEARCH,0,0.0,-1,-1,0,0,0.0,4.98
105.366,532,SEARCH,0,0.0,-1,-1,0,0,0.0,3.88
105.603,533,SEARCH,0,0.0,-1,-1,0,0,0.0,4.23
105.798,534,SEARCH,0,0.0,-1,-1,0,0,0.0,5.12
106.011,535,SEARCH,0,0.0,-1,-1,0,0,0.0,4.71
106.219,536,SEARCH,0,0.0,-1,-1,0,0,0.0,4.8
106.424,537,SEARCH,0,0.0,-1,-1,0,0,0.0,4.87
106.627,538,SEARCH,0,0.0,-1,-1,0,0,0.0,4.92
106.818,539,SEARCH,0,0.0,-1,-1,0,0,0.0,5.23
107.008,540,SEARCH,0,0.0,-1,-1,0,0,0.0,5.26
107.232,541,SEARCH,0,0.0,-1,-1,0,0,0.0,4.47
107.461,542,SEARCH,0,0.0,-1,-1,0,0,0.0,4.37
107.653,543,SEARCH,0,0.0,-1,-1,0,0,0.0,5.2
107.868,544,SEARCH,0,0.0,-1,-1,0,0,0.0,4.65
108.051,545,SEARCH,0,0.0,-1,-1,0,0,0.0,5.46
108.23,546,SEARCH,0,0.0,-1,-1,0,0,0.0,5.6
108.417,547,SEARCH,0,0.0,-1,-1,0,0,0.0,5.33
108.602,548,SEARCH,0,0.0,-1,-1,0,0,0.0,5.43
108.788,549,SEARCH,0,0.0,-1,-1,0,0,0.0,5.36
108.968,550,SEARCH,0,0.0,-1,-1,0,0,0.0,5.55
109.151,551,SEARCH,0,0.0,-1,-1,0,0,0.0,5.47
109.337,552,SEARCH,0,0.0,-1,-1,0,0,0.0,5.36
109.522,553,SEARCH,0,0.0,-1,-1,0,0,0.0,5.41
109.705,554,SEARCH,0,0.0,-1,-1,0,0,0.0,5.47
109.889,555,SEARCH,0,0.0,-1,-1,0,0,0.0,5.44
110.067,556,SEARCH,0,0.0,-1,-1,0,0,0.0,5.61
110.261,557,SEARCH,0,0.0,-1,-1,0,0,0.0,5.16
110.446,558,SEARCH,0,0.0,-1,-1,0,0,0.0,5.4
110.645,559,SEARCH,0,0.0,-1,-1,0,0,0.0,5.02
110.83,560,SEARCH,0,0.0,-1,-1,0,0,0.0,5.43
111.01,561,SEARCH,0,0.0,-1,-1,0,0,0.0,5.55
111.192,562,SEARCH,0,0.0,-1,-1,0,0,0.0,5.5
111.375,563,SEARCH,0,0.0,-1,-1,0,0,0.0,5.45
111.559,564,SEARCH,0,0.0,-1,-1,0,0,0.0,5.45
111.754,565,SEARCH,0,0.0,-1,-1,0,0,0.0,5.13
111.978,566,SEARCH,0,0.0,-1,-1,0,0,0.0,4.45
112.177,567,SEARCH,0,0.0,-1,-1,0,0,0.0,5.02
112.394,568,SEARCH,0,0.0,-1,-1,0,0,0.0,4.61
112.583,569,SEARCH,0,0.0,-1,-1,0,0,0.0,5.29
112.785,570,SEARCH,0,0.0,-1,-1,0,0,0.0,4.96
112.967,571,SEARCH,0,0.0,-1,-1,0,0,0.0,5.5
113.147,572,SEARCH,0,0.0,-1,-1,0,0,0.0,5.56
113.325,573,SEARCH,0,0.0,-1,-1,0,0,0.0,5.61
113.509,574,SEARCH,0,0.0,-1,-1,0,0,0.0,5.42
113.683,575,SEARCH,0,0.0,-1,-1,0,0,0.0,5.77
113.873,576,SEARCH,0,0.0,-1,-1,0,0,0.0,5.26
114.054,577,SEARCH,0,0.0,-1,-1,0,0,0.0,5.51
114.256,578,SEARCH,0,0.0,-1,-1,0,0,0.0,4.95
114.448,579,SEARCH,0,0.0,-1,-1,0,0,0.0,5.21
114.629,580,SEARCH,0,0.0,-1,-1,0,0,0.0,5.53
114.812,581,SEARCH,0,0.0,-1,-1,0,0,0.0,5.46
114.997,582,SEARCH,0,0.0,-1,-1,0,0,0.0,5.41
115.185,583,SEARCH,0,0.0,-1,-1,0,0,0.0,5.33
115.374,584,SEARCH,0,0.0,-1,-1,0,0,0.0,5.27
115.562,585,SEARCH,0,0.0,-1,-1,0,0,0.0,5.32
115.754,586,SEARCH,0,0.0,-1,-1,0,0,0.0,5.21
115.932,587,SEARCH,0,0.0,-1,-1,0,0,0.0,5.62
116.116,588,SEARCH,0,0.0,-1,-1,0,0,0.0,5.42
116.311,589,SEARCH,0,0.0,-1,-1,0,0,0.0,5.13
116.525,590,SEARCH,0,0.0,-1,-1,0,0,0.0,4.68
116.751,591,SEARCH,0,0.0,-1,-1,0,0,0.0,4.41
116.961,592,SEARCH,0,0.0,-1,-1,0,0,0.0,4.77
117.242,593,SEARCH,0,0.0,-1,-1,0,0,0.0,3.56
117.433,594,SEARCH,0,0.0,-1,-1,0,0,0.0,5.23
117.615,595,SEARCH,0,0.0,-1,-1,0,0,0.0,5.49
117.794,596,SEARCH,0,0.0,-1,-1,0,0,0.0,5.6
117.977,597,SEARCH,0,0.0,-1,-1,0,0,0.0,5.45
118.162,598,SEARCH,0,0.0,-1,-1,0,0,0.0,5.41
118.35,599,SEARCH,0,0.0,-1,-1,0,0,0.0,5.33
118.533,600,SEARCH,0,0.0,-1,-1,0,0,0.0,5.44
118.733,601,SEARCH,0,0.0,-1,-1,0,0,0.0,5.0
118.927,602,SEARCH,0,0.0,-1,-1,0,0,0.0,5.17
119.113,603,SEARCH,0,0.0,-1,-1,0,0,0.0,5.36
119.299,604,SEARCH,0,0.0,-1,-1,0,0,0.0,5.38
119.494,605,SEARCH,0,0.0,-1,-1,0,0,0.0,5.12
119.686,606,SEARCH,0,0.0,-1,-1,0,0,0.0,5.23
119.867,607,SEARCH,0,0.0,-1,-1,0,0,0.0,5.51
120.053,608,SEARCH,0,0.0,-1,-1,0,0,0.0,5.37
120.242,609,SEARCH,0,0.0,-1,-1,0,0,0.0,5.29
120.423,610,SEARCH,0,0.0,-1,-1,0,0,0.0,5.53
120.647,611,SEARCH,0,0.0,-1,-1,0,0,0.0,4.47
120.849,612,SEARCH,0,0.0,-1,-1,0,0,0.0,4.94
121.064,613,SEARCH,0,0.0,-1,-1,0,0,0.0,4.66
121.261,614,SEARCH,0,0.0,-1,-1,0,0,0.0,5.06
121.455,615,SEARCH,0,0.0,-1,-1,0,0,0.0,5.16
121.648,616,SEARCH,0,0.0,-1,-1,0,0,0.0,5.18
121.827,617,SEARCH,0,0.0,-1,-1,0,0,0.0,5.58
122.007,618,SEARCH,0,0.0,-1,-1,0,0,0.0,5.57
122.195,619,SEARCH,0,0.0,-1,-1,0,0,0.0,5.33
122.385,620,SEARCH,0,0.0,-1,-1,0,0,0.0,5.25
122.572,621,SEARCH,0,0.0,-1,-1,0,0,0.0,5.34
122.752,622,SEARCH,0,0.0,-1,-1,0,0,0.0,5.55
122.939,623,SEARCH,0,0.0,-1,-1,0,0,0.0,5.35
123.123,624,SEARCH,0,0.0,-1,-1,0,0,0.0,5.43
123.316,625,SEARCH,0,0.0,-1,-1,0,0,0.0,5.2
123.5,626,SEARCH,0,0.0,-1,-1,0,0,0.0,5.43
123.689,627,SEARCH,0,0.0,-1,-1,0,0,0.0,5.28
123.881,628,SEARCH,0,0.0,-1,-1,0,0,0.0,5.22
124.058,629,SEARCH,0,0.0,-1,-1,0,0,0.0,5.63
124.235,630,SEARCH,0,0.0,-1,-1,0,0,0.0,5.66
124.418,631,SEARCH,0,0.0,-1,-1,0,0,0.0,5.46
124.614,632,SEARCH,0,0.0,-1,-1,0,0,0.0,5.12
124.803,633,SEARCH,0,0.0,-1,-1,0,0,0.0,5.28
124.989,634,SEARCH,0,0.0,-1,-1,0,0,0.0,5.39
125.191,635,SEARCH,0,0.0,-1,-1,0,0,0.0,4.95
125.382,636,SEARCH,0,0.0,-1,-1,0,0,0.0,5.22
125.596,637,SEARCH,0,0.0,-1,-1,0,0,0.0,4.66
125.782,638,SEARCH,0,0.0,-1,-1,0,0,0.0,5.38
125.979,639,SEARCH,0,0.0,-1,-1,0,0,0.0,5.09
126.157,640,SEARCH,0,0.0,-1,-1,0,0,0.0,5.6
126.337,641,SEARCH,0,0.0,-1,-1,0,0,0.0,5.55
126.526,642,SEARCH,0,0.0,-1,-1,0,0,0.0,5.3
126.708,643,SEARCH,0,0.0,-1,-1,0,0,0.0,5.48
126.898,644,SEARCH,0,0.0,-1,-1,0,0,0.0,5.27
127.08,645,SEARCH,0,0.0,-1,-1,0,0,0.0,5.49
127.269,646,SEARCH,0,0.0,-1,-1,0,0,0.0,5.28
127.502,647,SEARCH,0,0.0,-1,-1,0,0,0.0,4.29
127.684,648,SEARCH,0,0.0,-1,-1,0,0,0.0,5.5
127.869,649,SEARCH,0,0.0,-1,-1,0,0,0.0,5.4
128.061,650,SEARCH,0,0.0,-1,-1,0,0,0.0,5.23
128.243,651,SEARCH,0,0.0,-1,-1,0,0,0.0,5.48
128.425,652,SEARCH,0,0.0,-1,-1,0,0,0.0,5.49
128.598,653,SEARCH,0,0.0,-1,-1,0,0,0.0,5.8
128.791,654,SEARCH,0,0.0,-1,-1,0,0,0.0,5.17
128.981,655,SEARCH,0,0.0,-1,-1,0,0,0.0,5.28
129.17,656,SEARCH,0,0.0,-1,-1,0,0,0.0,5.27
129.427,657,SEARCH,0,0.0,-1,-1,0,0,0.0,3.9
129.632,658,SEARCH,0,0.0,-1,-1,0,0,0.0,4.88
129.833,659,SEARCH,0,0.0,-1,-1,0,0,0.0,4.99
130.014,660,SEARCH,0,0.0,-1,-1,0,0,0.0,5.52
130.197,661,SEARCH,0,0.0,-1,-1,0,0,0.0,5.45
130.382,662,SEARCH,0,0.0,-1,-1,0,0,0.0,5.41
130.56,663,SEARCH,0,0.0,-1,-1,0,0,0.0,5.61
130.741,664,SEARCH,0,0.0,-1,-1,0,0,0.0,5.54
130.929,665,SEARCH,0,0.0,-1,-1,0,0,0.0,5.31
131.113,666,SEARCH,0,0.0,-1,-1,0,0,0.0,5.45
131.295,667,SEARCH,0,0.0,-1,-1,0,0,0.0,5.49
131.504,668,SEARCH,0,0.0,-1,-1,0,0,0.0,4.78
131.689,669,SEARCH,0,0.0,-1,-1,0,0,0.0,5.41
131.897,670,SEARCH,0,0.0,-1,-1,0,0,0.0,4.79
132.095,671,SEARCH,0,0.0,-1,-1,0,0,0.0,5.06
132.28,672,SEARCH,0,0.0,-1,-1,0,0,0.0,5.4
132.471,673,SEARCH,0,0.0,-1,-1,0,0,0.0,5.24
132.655,674,SEARCH,0,0.0,-1,-1,0,0,0.0,5.42
132.845,675,SEARCH,0,0.0,-1,-1,0,0,0.0,5.27
133.025,676,SEARCH,0,0.0,-1,-1,0,0,0.0,5.56
133.221,677,SEARCH,0,0.0,-1,-1,0,0,0.0,5.1
133.409,678,SEARCH,0,0.0,-1,-1,0,0,0.0,5.32
133.6,679,SEARCH,0,0.0,-1,-1,0,0,0.0,5.23
133.788,680,SEARCH,0,0.0,-1,-1,0,0,0.0,5.32
133.983,681,SEARCH,0,0.0,-1,-1,0,0,0.0,5.13
134.172,682,SEARCH,0,0.0,-1,-1,0,0,0.0,5.29
134.411,683,SEARCH,0,0.0,-1,-1,0,0,0.0,4.19
134.609,684,SEARCH,0,0.0,-1,-1,0,0,0.0,5.05
134.799,685,SEARCH,0,0.0,-1,-1,0,0,0.0,5.26
134.999,686,SEARCH,0,0.0,-1,-1,0,0,0.0,5.0
135.196,687,SEARCH,0,0.0,-1,-1,0,0,0.0,5.08
135.385,688,SEARCH,0,0.0,-1,-1,0,0,0.0,5.29
135.565,689,SEARCH,0,0.0,-1,-1,0,0,0.0,5.57
135.745,690,SEARCH,0,0.0,-1,-1,0,0,0.0,5.55
135.926,691,SEARCH,0,0.0,-1,-1,0,0,0.0,5.53
136.112,692,SEARCH,0,0.0,-1,-1,0,0,0.0,5.36
136.291,693,SEARCH,0,0.0,-1,-1,0,0,0.0,5.58
136.484,694,SEARCH,0,0.0,-1,-1,0,0,0.0,5.2
136.669,695,SEARCH,0,0.0,-1,-1,0,0,0.0,5.38
136.854,696,SEARCH,0,0.0,-1,-1,0,0,0.0,5.41
137.044,697,SEARCH,0,0.0,-1,-1,0,0,0.0,5.27
137.231,698,SEARCH,0,0.0,-1,-1,0,0,0.0,5.34
137.41,699,SEARCH,0,0.0,-1,-1,0,0,0.0,5.6
137.592,700,SEARCH,0,0.0,-1,-1,0,0,0.0,5.49
137.781,701,SEARCH,0,0.0,-1,-1,0,0,0.0,5.29
138.033,702,SEARCH,0,0.0,-1,-1,0,0,0.0,3.97
138.245,703,SEARCH,0,0.0,-1,-1,0,0,0.0,4.73
138.429,704,SEARCH,0,0.0,-1,-1,0,0,0.0,5.43
138.628,705,SEARCH,0,0.0,-1,-1,0,0,0.0,5.04
138.815,706,SEARCH,0,0.0,-1,-1,0,0,0.0,5.33
139.004,707,SEARCH,0,0.0,-1,-1,0,0,0.0,5.3
139.189,708,SEARCH,0,0.0,-1,-1,0,0,0.0,5.41
139.371,709,SEARCH,0,0.0,-1,-1,0,0,0.0,5.49
139.558,710,SEARCH,0,0.0,-1,-1,0,0,0.0,5.34
139.749,711,SEARCH,0,0.0,-1,-1,0,0,0.0,5.24
139.943,712,SEARCH,0,0.0,-1,-1,0,0,0.0,5.15
140.126,713,SEARCH,0,0.0,-1,-1,0,0,0.0,5.46
140.311,714,SEARCH,0,0.0,-1,-1,0,0,0.0,5.42
140.49,715,SEARCH,0,0.0,-1,-1,0,0,0.0,5.59
140.673,716,SEARCH,0,0.0,-1,-1,0,0,0.0,5.46
140.854,717,SEARCH,0,0.0,-1,-1,0,0,0.0,5.53
141.036,718,SEARCH,0,0.0,-1,-1,0,0,0.0,5.47
141.223,719,SEARCH,0,0.0,-1,-1,0,0,0.0,5.36
141.412,720,SEARCH,0,0.0,-1,-1,0,0,0.0,5.28
141.592,721,SEARCH,0,0.0,-1,-1,0,0,0.0,5.57
141.785,722,SEARCH,0,0.0,-1,-1,0,0,0.0,5.18
141.972,723,SEARCH,0,0.0,-1,-1,0,0,0.0,5.36
142.169,724,SEARCH,0,0.0,-1,-1,0,0,0.0,5.07
142.354,725,SEARCH,0,0.0,-1,-1,0,0,0.0,5.39
142.539,726,SEARCH,0,0.0,-1,-1,0,0,0.0,5.41
142.725,727,SEARCH,0,0.0,-1,-1,0,0,0.0,5.38
142.907,728,SEARCH,0,0.0,-1,-1,0,0,0.0,5.51
143.094,729,SEARCH,0,0.0,-1,-1,0,0,0.0,5.33
143.292,730,SEARCH,0,0.0,-1,-1,0,0,0.0,5.06
143.479,731,SEARCH,0,0.0,-1,-1,0,0,0.0,5.34
143.664,732,SEARCH,0,0.0,-1,-1,0,0,0.0,5.4
143.851,733,SEARCH,0,0.0,-1,-1,0,0,0.0,5.35
144.038,734,SEARCH,0,0.0,-1,-1,0,0,0.0,5.37
144.227,735,SEARCH,0,0.0,-1,-1,0,0,0.0,5.28
144.414,736,SEARCH,0,0.0,-1,-1,0,0,0.0,5.35
144.594,737,SEARCH,0,0.0,-1,-1,0,0,0.0,5.55
144.787,738,SEARCH,0,0.0,-1,-1,0,0,0.0,5.18
144.967,739,SEARCH,0,0.0,-1,-1,0,0,0.0,5.56
145.173,740,SEARCH,0,0.0,-1,-1,0,0,0.0,4.85
145.357,741,SEARCH,0,0.0,-1,-1,0,0,0.0,5.44
145.544,742,SEARCH,0,0.0,-1,-1,0,0,0.0,5.35
145.727,743,SEARCH,0,0.0,-1,-1,0,0,0.0,5.48
145.91,744,SEARCH,0,0.0,-1,-1,0,0,0.0,5.44
146.089,745,SEARCH,0,0.0,-1,-1,0,0,0.0,5.6
146.283,746,SEARCH,0,0.0,-1,-1,0,0,0.0,5.16
146.534,747,SEARCH,0,0.0,-1,-1,0,0,0.0,3.98
146.741,748,SEARCH,0,0.0,-1,-1,0,0,0.0,4.83
146.926,749,SEARCH,0,0.0,-1,-1,0,0,0.0,5.41
147.117,750,SEARCH,0,0.0,-1,-1,0,0,0.0,5.25
147.307,751,SEARCH,0,0.0,-1,-1,0,0,0.0,5.26
147.493,752,SEARCH,0,0.0,-1,-1,0,0,0.0,5.38
147.692,753,SEARCH,0,0.0,-1,-1,0,0,0.0,5.01
147.875,754,SEARCH,0,0.0,-1,-1,0,0,0.0,5.48
148.062,755,SEARCH,0,0.0,-1,-1,0,0,0.0,5.34
148.243,756,SEARCH,0,0.0,-1,-1,0,0,0.0,5.52
148.43,757,SEARCH,0,0.0,-1,-1,0,0,0.0,5.36
148.611,758,SEARCH,0,0.0,-1,-1,0,0,0.0,5.53
148.798,759,SEARCH,0,0.0,-1,-1,0,0,0.0,5.35
148.979,760,SEARCH,0,0.0,-1,-1,0,0,0.0,5.5
149.162,761,SEARCH,0,0.0,-1,-1,0,0,0.0,5.47
149.342,762,SEARCH,0,0.0,-1,-1,0,0,0.0,5.56
149.522,763,SEARCH,0,0.0,-1,-1,0,0,0.0,5.56
149.711,764,SEARCH,0,0.0,-1,-1,0,0,0.0,5.28
149.898,765,SEARCH,0,0.0,-1,-1,0,0,0.0,5.36
150.085,766,SEARCH,0,0.0,-1,-1,0,0,0.0,5.34
150.267,767,SEARCH,0,0.0,-1,-1,0,0,0.0,5.51
150.448,768,SEARCH,0,0.0,-1,-1,0,0,0.0,5.52
150.647,769,SEARCH,0,0.0,-1,-1,0,0,0.0,5.03
150.83,770,SEARCH,0,0.0,-1,-1,0,0,0.0,5.45
151.014,771,SEARCH,0,0.0,-1,-1,0,0,0.0,5.45
151.202,772,SEARCH,0,0.0,-1,-1,0,0,0.0,5.33
151.388,773,SEARCH,0,0.0,-1,-1,0,0,0.0,5.35
151.581,774,SEARCH,0,0.0,-1,-1,0,0,0.0,5.2
151.771,775,SEARCH,0,0.0,-1,-1,0,0,0.0,5.25
151.954,776,SEARCH,0,0.0,-1,-1,0,0,0.0,5.46
152.139,777,SEARCH,0,0.0,-1,-1,0,0,0.0,5.41
152.323,778,SEARCH,0,0.0,-1,-1,0,0,0.0,5.45
152.511,779,SEARCH,0,0.0,-1,-1,0,0,0.0,5.31
152.698,780,SEARCH,0,0.0,-1,-1,0,0,0.0,5.36
152.88,781,SEARCH,0,0.0,-1,-1,0,0,0.0,5.47
153.068,782,SEARCH,0,0.0,-1,-1,0,0,0.0,5.33
153.261,783,SEARCH,0,0.0,-1,-1,0,0,0.0,5.18
153.432,784,SEARCH,0,0.0,-1,-1,0,0,0.0,5.83
153.611,785,SEARCH,0,0.0,-1,-1,0,0,0.0,5.59
153.798,786,SEARCH,0,0.0,-1,-1,0,0,0.0,5.36
153.978,787,SEARCH,0,0.0,-1,-1,0,0,0.0,5.54
154.167,788,SEARCH,0,0.0,-1,-1,0,0,0.0,5.32
154.363,789,SEARCH,0,0.0,-1,-1,0,0,0.0,5.09
154.557,790,SEARCH,0,0.0,-1,-1,0,0,0.0,5.15
154.742,791,SEARCH,0,0.0,-1,-1,0,0,0.0,5.42
154.978,792,SEARCH,0,0.0,-1,-1,0,0,0.0,4.24
155.178,793,SEARCH,0,0.0,-1,-1,0,0,0.0,4.98
155.381,794,SEARCH,0,0.0,-1,-1,0,0,0.0,4.92
155.589,795,SEARCH,0,0.0,-1,-1,0,0,0.0,4.81
155.773,796,SEARCH,0,0.0,-1,-1,0,0,0.0,5.45
155.97,797,SEARCH,0,0.0,-1,-1,0,0,0.0,5.08
156.149,798,SEARCH,0,0.0,-1,-1,0,0,0.0,5.59
156.345,799,SEARCH,0,0.0,-1,-1,0,0,0.0,5.09
156.529,800,SEARCH,0,0.0,-1,-1,0,0,0.0,5.44
156.716,801,SEARCH,0,0.0,-1,-1,0,0,0.0,5.34
156.909,802,SEARCH,0,0.0,-1,-1,0,0,0.0,5.19
157.094,803,SEARCH,0,0.0,-1,-1,0,0,0.0,5.4
157.283,804,SEARCH,0,0.0,-1,-1,0,0,0.0,5.28
157.478,805,SEARCH,0,0.0,-1,-1,0,0,0.0,5.15
157.663,806,SEARCH,0,0.0,-1,-1,0,0,0.0,5.4
157.839,807,SEARCH,0,0.0,-1,-1,0,0,0.0,5.69
158.027,808,SEARCH,0,0.0,-1,-1,0,0,0.0,5.31
158.214,809,SEARCH,0,0.0,-1,-1,0,0,0.0,5.35
158.404,810,SEARCH,0,0.0,-1,-1,0,0,0.0,5.27
158.589,811,SEARCH,0,0.0,-1,-1,0,0,0.0,5.4
158.783,812,SEARCH,0,0.0,-1,-1,0,0,0.0,5.16
158.964,813,SEARCH,0,0.0,-1,-1,0,0,0.0,5.53
159.149,814,SEARCH,0,0.0,-1,-1,0,0,0.0,5.41
159.335,815,SEARCH,0,0.0,-1,-1,0,0,0.0,5.37
159.522,816,SEARCH,0,0.0,-1,-1,0,0,0.0,5.36
159.711,817,SEARCH,0,0.0,-1,-1,0,0,0.0,5.28
159.902,818,SEARCH,0,0.0,-1,-1,0,0,0.0,5.24
160.091,819,SEARCH,0,0.0,-1,-1,0,0,0.0,5.3
160.271,820,SEARCH,0,0.0,-1,-1,0,0,0.0,5.53
160.451,821,SEARCH,0,0.0,-1,-1,0,0,0.0,5.56
160.635,822,SEARCH,0,0.0,-1,-1,0,0,0.0,5.45
160.828,823,SEARCH,0,0.0,-1,-1,0,0,0.0,5.19
161.019,824,SEARCH,0,0.0,-1,-1,0,0,0.0,5.21
161.226,825,SEARCH,0,0.0,-1,-1,0,0,0.0,4.85
161.423,826,SEARCH,0,0.0,-1,-1,0,0,0.0,5.06
161.621,827,SEARCH,0,0.0,-1,-1,0,0,0.0,5.07
161.825,828,SEARCH,0,0.0,-1,-1,0,0,0.0,4.89
162.021,829,SEARCH,0,0.0,-1,-1,0,0,0.0,5.11
162.221,830,SEARCH,0,0.0,-1,-1,0,0,0.0,5.0
162.434,831,SEARCH,0,0.0,-1,-1,0,0,0.0,4.69
162.66,832,SEARCH,0,0.0,-1,-1,0,0,0.0,4.43
162.877,833,SEARCH,0,0.0,-1,-1,0,0,0.0,4.6
163.097,834,SEARCH,0,0.0,-1,-1,0,0,0.0,4.53
163.316,835,SEARCH,0,0.0,-1,-1,0,0,0.0,4.57
163.536,836,SEARCH,0,0.0,-1,-1,0,0,0.0,4.56
163.794,837,SEARCH,0,0.0,-1,-1,0,0,0.0,3.87
164.023,838,SEARCH,0,0.0,-1,-1,0,0,0.0,4.36
164.251,839,SEARCH,0,0.0,-1,-1,0,0,0.0,4.39
164.474,840,SEARCH,0,0.0,-1,-1,0,0,0.0,4.49
164.691,841,SEARCH,0,0.0,-1,-1,0,0,0.0,4.61
164.908,842,SEARCH,0,0.0,-1,-1,0,0,0.0,4.61
165.132,843,SEARCH,0,0.0,-1,-1,0,0,0.0,4.46
165.332,844,SEARCH,0,0.0,-1,-1,0,0,0.0,5.01
165.518,845,SEARCH,0,0.0,-1,-1,0,0,0.0,5.37
165.702,846,SEARCH,0,0.0,-1,-1,0,0,0.0,5.43
165.889,847,SEARCH,0,0.0,-1,-1,0,0,0.0,5.34
166.081,848,SEARCH,0,0.0,-1,-1,0,0,0.0,5.21
166.262,849,SEARCH,0,0.0,-1,-1,0,0,0.0,5.52
166.452,850,SEARCH,0,0.0,-1,-1,0,0,0.0,5.29
166.645,851,SEARCH,0,0.0,-1,-1,0,0,0.0,5.17
166.871,852,SEARCH,0,0.0,-1,-1,0,0,0.0,4.43
167.075,853,SEARCH,0,0.0,-1,-1,0,0,0.0,4.9
167.268,854,SEARCH,0,0.0,-1,-1,0,0,0.0,5.18
167.458,855,SEARCH,0,0.0,-1,-1,0,0,0.0,5.27
167.645,856,SEARCH,0,0.0,-1,-1,0,0,0.0,5.33
167.833,857,SEARCH,0,0.0,-1,-1,0,0,0.0,5.33
168.037,858,SEARCH,0,0.0,-1,-1,0,0,0.0,4.89
168.22,859,SEARCH,0,0.0,-1,-1,0,0,0.0,5.46
168.411,860,SEARCH,0,0.0,-1,-1,0,0,0.0,5.26
168.617,861,SEARCH,0,0.0,-1,-1,0,0,0.0,4.84
168.818,862,SEARCH,0,0.0,-1,-1,0,0,0.0,5.0
169.045,863,SEARCH,0,0.0,-1,-1,0,0,0.0,4.39
169.261,864,SEARCH,0,0.0,-1,-1,0,0,0.0,4.64
169.448,865,SEARCH,0,0.0,-1,-1,0,0,0.0,5.35
169.669,866,SEARCH,0,0.0,-1,-1,0,0,0.0,4.51
169.853,867,SEARCH,0,0.0,-1,-1,0,0,0.0,5.43
170.079,868,SEARCH,0,0.0,-1,-1,0,0,0.0,4.43
170.258,869,SEARCH,0,0.0,-1,-1,0,0,0.0,5.6
170.482,870,SEARCH,0,0.0,-1,-1,0,0,0.0,4.46
170.699,871,SEARCH,0,0.0,-1,-1,0,0,0.0,4.61
170.886,872,SEARCH,0,0.0,-1,-1,0,0,0.0,5.34
171.119,873,SEARCH,0,0.0,-1,-1,0,0,0.0,4.29
171.328,874,SEARCH,0,0.0,-1,-1,0,0,0.0,4.79
171.522,875,SEARCH,0,0.0,-1,-1,0,0,0.0,5.16
171.723,876,SEARCH,0,0.0,-1,-1,0,0,0.0,4.96
171.932,877,SEARCH,0,0.0,-1,-1,0,0,0.0,4.79
172.128,878,SEARCH,0,0.0,-1,-1,0,0,0.0,5.11
172.356,879,SEARCH,0,0.0,-1,-1,0,0,0.0,4.39
172.601,880,SEARCH,0,0.0,-1,-1,0,0,0.0,4.08
172.86,881,SEARCH,0,0.0,-1,-1,0,0,0.0,3.86
173.045,882,SEARCH,0,0.0,-1,-1,0,0,0.0,5.4
173.244,883,SEARCH,0,0.0,-1,-1,0,0,0.0,5.04
173.461,884,SEARCH,0,0.0,-1,-1,0,0,0.0,4.6
173.675,885,SEARCH,0,0.0,-1,-1,0,0,0.0,4.66
173.86,886,SEARCH,0,0.0,-1,-1,0,0,0.0,5.42
174.043,887,SEARCH,0,0.0,-1,-1,0,0,0.0,5.47
174.236,888,SEARCH,0,0.0,-1,-1,0,0,0.0,5.19
174.425,889,SEARCH,0,0.0,-1,-1,0,0,0.0,5.29
174.606,890,SEARCH,0,0.0,-1,-1,0,0,0.0,5.51
174.797,891,SEARCH,0,0.0,-1,-1,0,0,0.0,5.24
174.98,892,SEARCH,0,0.0,-1,-1,0,0,0.0,5.46
175.17,893,SEARCH,0,0.0,-1,-1,0,0,0.0,5.25
175.364,894,SEARCH,0,0.0,-1,-1,0,0,0.0,5.17
175.549,895,SEARCH,0,0.0,-1,-1,0,0,0.0,5.4
175.732,896,SEARCH,0,0.0,-1,-1,0,0,0.0,5.45
175.913,897,SEARCH,0,0.0,-1,-1,0,0,0.0,5.53
176.1,898,SEARCH,0,0.0,-1,-1,0,0,0.0,5.36
176.283,899,SEARCH,0,0.0,-1,-1,0,0,0.0,5.45
176.473,900,SEARCH,0,0.0,-1,-1,0,0,0.0,5.28
176.653,901,SEARCH,0,0.0,-1,-1,0,0,0.0,5.55
176.829,902,SEARCH,0,0.0,-1,-1,0,0,0.0,5.67
177.011,903,SEARCH,0,0.0,-1,-1,0,0,0.0,5.49
177.195,904,SEARCH,0,0.0,-1,-1,0,0,0.0,5.44
177.386,905,SEARCH,0,0.0,-1,-1,0,0,0.0,5.24
177.563,906,SEARCH,0,0.0,-1,-1,0,0,0.0,5.65
177.738,907,SEARCH,0,0.0,-1,-1,0,0,0.0,5.69
177.92,908,SEARCH,0,0.0,-1,-1,0,0,0.0,5.5
178.119,909,SEARCH,0,0.0,-1,-1,0,0,0.0,5.03
178.348,910,SEARCH,0,0.0,-1,-1,0,0,0.0,4.37
178.559,911,SEARCH,0,0.0,-1,-1,0,0,0.0,4.74
178.778,912,SEARCH,0,0.0,-1,-1,0,0,0.0,4.57
179.006,913,SEARCH,0,0.0,-1,-1,0,0,0.0,4.38
179.226,914,SEARCH,0,0.0,-1,-1,0,0,0.0,4.54
179.449,915,SEARCH,0,0.0,-1,-1,0,0,0.0,4.48
179.663,916,SEARCH,0,0.0,-1,-1,0,0,0.0,4.68
179.877,917,SEARCH,0,0.0,-1,-1,0,0,0.0,4.67
180.086,918,SEARCH,0,0.0,-1,-1,0,0,0.0,4.78
180.317,919,SEARCH,0,0.0,-1,-1,0,0,0.0,4.33
180.552,920,SEARCH,0,0.0,-1,-1,0,0,0.0,4.26
180.758,921,SEARCH,0,0.0,-1,-1,0,0,0.0,4.83
181.068,922,SEARCH,0,0.0,-1,-1,0,0,0.0,3.23
181.361,923,SEARCH,0,0.0,-1,-1,0,0,0.0,3.41
181.594,924,SEARCH,0,0.0,-1,-1,0,0,0.0,4.3
181.821,925,SEARCH,0,0.0,-1,-1,0,0,0.0,4.41
182.039,926,SEARCH,0,0.0,-1,-1,0,0,0.0,4.58
182.253,927,SEARCH,0,0.0,-1,-1,0,0,0.0,4.67
182.472,928,SEARCH,0,0.0,-1,-1,0,0,0.0,4.57
182.68,929,SEARCH,0,0.0,-1,-1,0,0,0.0,4.82
182.881,930,SEARCH,0,0.0,-1,-1,0,0,0.0,4.97
183.081,931,SEARCH,0,0.0,-1,-1,0,0,0.0,4.99
183.303,932,SEARCH,0,0.0,-1,-1,0,0,0.0,4.51
183.527,933,SEARCH,0,0.0,-1,-1,0,0,0.0,4.46
183.733,934,SEARCH,0,0.0,-1,-1,0,0,0.0,4.84
183.942,935,SEARCH,0,0.0,-1,-1,0,0,0.0,4.78
184.151,936,SEARCH,0,0.0,-1,-1,0,0,0.0,4.79
184.35,937,SEARCH,0,0.0,-1,-1,0,0,0.0,5.04
184.53,938,SEARCH,0,0.0,-1,-1,0,0,0.0,5.54
184.712,939,SEARCH,0,0.0,-1,-1,0,0,0.0,5.49
184.894,940,SEARCH,0,0.0,-1,-1,0,0,0.0,5.51
185.069,941,SEARCH,0,0.0,-1,-1,0,0,0.0,5.69
185.274,942,SEARCH,0,0.0,-1,-1,0,0,0.0,4.89
185.475,943,SEARCH,0,0.0,-1,-1,0,0,0.0,4.97
185.664,944,SEARCH,0,0.0,-1,-1,0,0,0.0,5.28
185.855,945,SEARCH,0,0.0,-1,-1,0,0,0.0,5.24
186.038,946,SEARCH,0,0.0,-1,-1,0,0,0.0,5.47
186.218,947,SEARCH,0,0.0,-1,-1,0,0,0.0,5.57
186.411,948,SEARCH,0,0.0,-1,-1,0,0,0.0,5.17
186.598,949,SEARCH,0,0.0,-1,-1,0,0,0.0,5.34
186.781,950,SEARCH,0,0.0,-1,-1,0,0,0.0,5.48
186.963,951,SEARCH,0,0.0,-1,-1,0,0,0.0,5.5
187.141,952,SEARCH,0,0.0,-1,-1,0,0,0.0,5.6
187.328,953,SEARCH,0,0.0,-1,-1,0,0,0.0,5.36
187.514,954,SEARCH,0,0.0,-1,-1,0,0,0.0,5.35
187.701,955,SEARCH,0,0.0,-1,-1,0,0,0.0,5.35
187.884,956,SEARCH,0,0.0,-1,-1,0,0,0.0,5.46
188.065,957,SEARCH,0,0.0,-1,-1,0,0,0.0,5.52
188.244,958,SEARCH,0,0.0,-1,-1,0,0,0.0,5.59
188.438,959,SEARCH,0,0.0,-1,-1,0,0,0.0,5.17
188.619,960,SEARCH,0,0.0,-1,-1,0,0,0.0,5.53
188.794,961,SEARCH,0,0.0,-1,-1,0,0,0.0,5.7
188.975,962,SEARCH,0,0.0,-1,-1,0,0,0.0,5.53
189.163,963,SEARCH,0,0.0,-1,-1,0,0,0.0,5.34
189.373,964,SEARCH,0,0.0,-1,-1,0,0,0.0,4.75
189.619,965,SEARCH,0,0.0,-1,-1,0,0,0.0,4.06
189.829,966,SEARCH,0,0.0,-1,-1,0,0,0.0,4.77
190.014,967,SEARCH,0,0.0,-1,-1,0,0,0.0,5.4
190.299,968,SEARCH,0,0.0,-1,-1,0,0,0.0,3.51
190.503,969,SEARCH,0,0.0,-1,-1,0,0,0.0,4.9
190.702,970,SEARCH,0,0.0,-1,-1,0,0,0.0,5.02
190.924,971,SEARCH,0,0.0,-1,-1,0,0,0.0,4.51
191.099,972,SEARCH,0,0.0,-1,-1,0,0,0.0,5.72
191.282,973,SEARCH,0,0.0,-1,-1,0,0,0.0,5.47
191.489,974,SEARCH,0,0.0,-1,-1,0,0,0.0,4.84
191.669,975,SEARCH,0,0.0,-1,-1,0,0,0.0,5.54
191.851,976,SEARCH,0,0.0,-1,-1,0,0,0.0,5.5
192.036,977,SEARCH,0,0.0,-1,-1,0,0,0.0,5.41
192.213,978,SEARCH,0,0.0,-1,-1,0,0,0.0,5.64
192.414,979,SEARCH,0,0.0,-1,-1,0,0,0.0,4.97
192.587,980,SEARCH,0,0.0,-1,-1,0,0,0.0,5.79
192.77,981,SEARCH,0,0.0,-1,-1,0,0,0.0,5.47
192.95,982,SEARCH,0,0.0,-1,-1,0,0,0.0,5.54
193.132,983,SEARCH,0,0.0,-1,-1,0,0,0.0,5.49
193.315,984,SEARCH,0,0.0,-1,-1,0,0,0.0,5.49
193.501,985,SEARCH,0,0.0,-1,-1,0,0,0.0,5.37
193.684,986,SEARCH,0,0.0,-1,-1,0,0,0.0,5.45
193.873,987,SEARCH,0,0.0,-1,-1,0,0,0.0,5.3
194.07,988,SEARCH,0,0.0,-1,-1,0,0,0.0,5.08
194.307,989,SEARCH,0,0.0,-1,-1,0,0,0.0,4.22
194.552,990,SEARCH,0,0.0,-1,-1,0,0,0.0,4.08
194.742,991,SEARCH,0,0.0,-1,-1,0,0,0.0,5.25
194.917,992,SEARCH,0,0.0,-1,-1,0,0,0.0,5.73
195.11,993,SEARCH,0,0.0,-1,-1,0,0,0.0,5.17
195.31,994,SEARCH,0,0.0,-1,-1,0,0,0.0,5.02
195.493,995,SEARCH,0,0.0,-1,-1,0,0,0.0,5.46
195.681,996,SEARCH,0,0.0,-1,-1,0,0,0.0,5.32
195.867,997,SEARCH,0,0.0,-1,-1,0,0,0.0,5.36
196.058,998,SEARCH,0,0.0,-1,-1,0,0,0.0,5.24
196.231,999,SEARCH,0,0.0,-1,-1,0,0,0.0,5.79
196.413,1000,SEARCH,0,0.0,-1,-1,0,0,0.0,5.48
196.596,1001,SEARCH,0,0.0,-1,-1,0,0,0.0,5.47
196.775,1002,SEARCH,0,0.0,-1,-1,0,0,0.0,5.59
196.954,1003,SEARCH,0,0.0,-1,-1,0,0,0.0,5.58
197.136,1004,SEARCH,0,0.0,-1,-1,0,0,0.0,5.51
197.333,1005,SEARCH,0,0.0,-1,-1,0,0,0.0,5.07
197.521,1006,SEARCH,0,0.0,-1,-1,0,0,0.0,5.32
197.707,1007,SEARCH,0,0.0,-1,-1,0,0,0.0,5.39
197.884,1008,SEARCH,0,0.0,-1,-1,0,0,0.0,5.64
198.108,1009,SEARCH,0,0.0,-1,-1,0,0,0.0,4.46
198.312,1010,SEARCH,0,0.0,-1,-1,0,0,0.0,4.9
198.509,1011,SEARCH,0,0.0,-1,-1,0,0,0.0,5.08
198.697,1012,SEARCH,0,0.0,-1,-1,0,0,0.0,5.32
198.874,1013,SEARCH,0,0.0,-1,-1,0,0,0.0,5.64
199.059,1014,SEARCH,0,0.0,-1,-1,0,0,0.0,5.42
199.251,1015,SEARCH,0,0.0,-1,-1,0,0,0.0,5.21
199.432,1016,SEARCH,0,0.0,-1,-1,0,0,0.0,5.52
199.613,1017,SEARCH,0,0.0,-1,-1,0,0,0.0,5.51
199.8,1018,SEARCH,0,0.0,-1,-1,0,0,0.0,5.36
199.977,1019,SEARCH,0,0.0,-1,-1,0,0,0.0,5.65
200.153,1020,SEARCH,0,0.0,-1,-1,0,0,0.0,5.66
200.34,1021,SEARCH,0,0.0,-1,-1,0,0,0.0,5.36
200.516,1022,SEARCH,0,0.0,-1,-1,0,0,0.0,5.68
200.7,1023,SEARCH,0,0.0,-1,-1,0,0,0.0,5.44
200.887,1024,SEARCH,0,0.0,-1,-1,0,0,0.0,5.34
201.072,1025,SEARCH,0,0.0,-1,-1,0,0,0.0,5.4
201.253,1026,SEARCH,0,0.0,-1,-1,0,0,0.0,5.55
201.44,1027,SEARCH,0,0.0,-1,-1,0,0,0.0,5.34
201.624,1028,SEARCH,0,0.0,-1,-1,0,0,0.0,5.42
201.81,1029,SEARCH,0,0.0,-1,-1,0,0,0.0,5.38
201.998,1030,SEARCH,0,0.0,-1,-1,0,0,0.0,5.32
202.177,1031,SEARCH,0,0.0,-1,-1,0,0,0.0,5.59
202.369,1032,SEARCH,0,0.0,-1,-1,0,0,0.0,5.22
202.551,1033,SEARCH,0,0.0,-1,-1,0,0,0.0,5.48
202.738,1034,SEARCH,0,0.0,-1,-1,0,0,0.0,5.34
202.94,1035,SEARCH,0,0.0,-1,-1,0,0,0.0,4.95
203.121,1036,SEARCH,0,0.0,-1,-1,0,0,0.0,5.53
203.309,1037,SEARCH,0,0.0,-1,-1,0,0,0.0,5.33
203.487,1038,SEARCH,0,0.0,-1,-1,0,0,0.0,5.61
203.678,1039,SEARCH,0,0.0,-1,-1,0,0,0.0,5.24
203.862,1040,SEARCH,0,0.0,-1,-1,0,0,0.0,5.43
204.042,1041,SEARCH,0,0.0,-1,-1,0,0,0.0,5.55
204.219,1042,SEARCH,0,0.0,-1,-1,0,0,0.0,5.65
204.397,1043,SEARCH,0,0.0,-1,-1,0,0,0.0,5.64
204.587,1044,SEARCH,0,0.0,-1,-1,0,0,0.0,5.24
204.778,1045,SEARCH,0,0.0,-1,-1,0,0,0.0,5.26
204.963,1046,SEARCH,0,0.0,-1,-1,0,0,0.0,5.39
205.164,1047,SEARCH,0,0.0,-1,-1,0,0,0.0,4.99
205.353,1048,SEARCH,0,0.0,-1,-1,0,0,0.0,5.28
205.536,1049,SEARCH,0,0.0,-1,-1,0,0,0.0,5.45
205.717,1050,SEARCH,0,0.0,-1,-1,0,0,0.0,5.53
205.902,1051,SEARCH,0,0.0,-1,-1,0,0,0.0,5.41
206.079,1052,SEARCH,0,0.0,-1,-1,0,0,0.0,5.65
206.266,1053,SEARCH,0,0.0,-1,-1,0,0,0.0,5.34
206.46,1054,SEARCH,0,0.0,-1,-1,0,0,0.0,5.14
206.695,1055,SEARCH,0,0.0,-1,-1,0,0,0.0,4.27
206.913,1056,SEARCH,0,0.0,-1,-1,0,0,0.0,4.59
207.099,1057,SEARCH,0,0.0,-1,-1,0,0,0.0,5.37
207.282,1058,SEARCH,0,0.0,-1,-1,0,0,0.0,5.47
207.467,1059,SEARCH,0,0.0,-1,-1,0,0,0.0,5.4
207.65,1060,SEARCH,0,0.0,-1,-1,0,0,0.0,5.46
207.834,1061,SEARCH,0,0.0,-1,-1,0,0,0.0,5.43
208.017,1062,SEARCH,0,0.0,-1,-1,0,0,0.0,5.47
208.199,1063,SEARCH,0,0.0,-1,-1,0,0,0.0,5.49
208.379,1064,SEARCH,0,0.0,-1,-1,0,0,0.0,5.56
208.563,1065,SEARCH,0,0.0,-1,-1,0,0,0.0,5.44
208.748,1066,SEARCH,0,0.0,-1,-1,0,0,0.0,5.41
208.931,1067,SEARCH,0,0.0,-1,-1,0,0,0.0,5.47
209.12,1068,SEARCH,0,0.0,-1,-1,0,0,0.0,5.29
209.309,1069,SEARCH,0,0.0,-1,-1,0,0,0.0,5.28
209.493,1070,SEARCH,0,0.0,-1,-1,0,0,0.0,5.45
209.673,1071,SEARCH,0,0.0,-1,-1,0,0,0.0,5.54
209.857,1072,SEARCH,0,0.0,-1,-1,0,0,0.0,5.45
210.04,1073,SEARCH,0,0.0,-1,-1,0,0,0.0,5.45
210.225,1074,SEARCH,0,0.0,-1,-1,0,0,0.0,5.41
210.411,1075,SEARCH,0,0.0,-1,-1,0,0,0.0,5.36
210.583,1076,SEARCH,0,0.0,-1,-1,0,0,0.0,5.82
210.765,1077,SEARCH,0,0.0,-1,-1,0,0,0.0,5.5
210.958,1078,SEARCH,0,0.0,-1,-1,0,0,0.0,5.19
211.14,1079,SEARCH,0,0.0,-1,-1,0,0,0.0,5.49
211.331,1080,SEARCH,0,0.0,-1,-1,0,0,0.0,5.24
211.517,1081,SEARCH,0,0.0,-1,-1,0,0,0.0,5.38
211.698,1082,SEARCH,0,0.0,-1,-1,0,0,0.0,5.51
211.89,1083,SEARCH,0,0.0,-1,-1,0,0,0.0,5.2
212.086,1084,SEARCH,0,0.0,-1,-1,0,0,0.0,5.12
212.268,1085,SEARCH,0,0.0,-1,-1,0,0,0.0,5.48
212.464,1086,SEARCH,0,0.0,-1,-1,0,0,0.0,5.11
212.648,1087,SEARCH,0,0.0,-1,-1,0,0,0.0,5.44
212.828,1088,SEARCH,0,0.0,-1,-1,0,0,0.0,5.56
213.014,1089,SEARCH,0,0.0,-1,-1,0,0,0.0,5.37
213.196,1090,SEARCH,0,0.0,-1,-1,0,0,0.0,5.49
213.398,1091,SEARCH,0,0.0,-1,-1,0,0,0.0,4.94
213.589,1092,SEARCH,0,0.0,-1,-1,0,0,0.0,5.24
213.772,1093,SEARCH,0,0.0,-1,-1,0,0,0.0,5.47
213.959,1094,SEARCH,0,0.0,-1,-1,0,0,0.0,5.35
214.155,1095,SEARCH,0,0.0,-1,-1,0,0,0.0,5.11
214.355,1096,SEARCH,0,0.0,-1,-1,0,0,0.0,4.99
214.576,1097,SEARCH,0,0.0,-1,-1,0,0,0.0,4.53
214.765,1098,SEARCH,0,0.0,-1,-1,0,0,0.0,5.27
214.949,1099,SEARCH,0,0.0,-1,-1,0,0,0.0,5.43
215.185,1100,SEARCH,0,0.0,-1,-1,0,0,0.0,4.24
215.427,1101,SEARCH,0,0.0,-1,-1,0,0,0.0,4.13
215.644,1102,SEARCH,0,0.0,-1,-1,0,0,0.0,4.61
215.833,1103,SEARCH,0,0.0,-1,-1,0,0,0.0,5.31
216.058,1104,SEARCH,0,0.0,-1,-1,0,0,0.0,4.44
216.259,1105,SEARCH,0,0.0,-1,-1,0,0,0.0,4.97
216.479,1106,SEARCH,0,0.0,-1,-1,0,0,0.0,4.54
216.666,1107,SEARCH,0,0.0,-1,-1,0,0,0.0,5.35
216.851,1108,SEARCH,0,0.0,-1,-1,0,0,0.0,5.42
217.041,1109,SEARCH,0,0.0,-1,-1,0,0,0.0,5.27
217.232,1110,SEARCH,0,0.0,-1,-1,0,0,0.0,5.24
217.421,1111,SEARCH,0,0.0,-1,-1,0,0,0.0,5.28
217.605,1112,SEARCH,0,0.0,-1,-1,0,0,0.0,5.42
217.788,1113,SEARCH,0,0.0,-1,-1,0,0,0.0,5.47
217.972,1114,SEARCH,0,0.0,-1,-1,0,0,0.0,5.45
218.172,1115,SEARCH,0,0.0,-1,-1,0,0,0.0,5.0
218.352,1116,SEARCH,0,0.0,-1,-1,0,0,0.0,5.54
218.535,1117,SEARCH,0,0.0,-1,-1,0,0,0.0,5.48
218.727,1118,SEARCH,0,0.0,-1,-1,0,0,0.0,5.2
218.912,1119,SEARCH,0,0.0,-1,-1,0,0,0.0,5.39
219.095,1120,SEARCH,0,0.0,-1,-1,0,0,0.0,5.49
219.286,1121,SEARCH,0,0.0,-1,-1,0,0,0.0,5.21
219.481,1122,SEARCH,0,0.0,-1,-1,0,0,0.0,5.15
219.664,1123,SEARCH,0,0.0,-1,-1,0,0,0.0,5.47
219.856,1124,SEARCH,0,0.0,-1,-1,0,0,0.0,5.2
220.039,1125,SEARCH,0,0.0,-1,-1,0,0,0.0,5.47
220.22,1126,SEARCH,0,0.0,-1,-1,0,0,0.0,5.51
220.409,1127,SEARCH,0,0.0,-1,-1,0,0,0.0,5.29
220.604,1128,SEARCH,0,0.0,-1,-1,0,0,0.0,5.14
220.821,1129,SEARCH,0,0.0,-1,-1,0,0,0.0,4.61
221.017,1130,SEARCH,0,0.0,-1,-1,0,0,0.0,5.1
221.201,1131,SEARCH,0,0.0,-1,-1,0,0,0.0,5.42
221.389,1132,SEARCH,0,0.0,-1,-1,0,0,0.0,5.33
221.568,1133,SEARCH,0,0.0,-1,-1,0,0,0.0,5.57
221.776,1134,SEARCH,0,0.0,-1,-1,0,0,0.0,4.81
221.962,1135,SEARCH,0,0.0,-1,-1,0,0,0.0,5.38
222.15,1136,SEARCH,0,0.0,-1,-1,0,0,0.0,5.34
222.342,1137,SEARCH,0,0.0,-1,-1,0,0,0.0,5.21
222.527,1138,SEARCH,0,0.0,-1,-1,0,0,0.0,5.39
222.712,1139,SEARCH,0,0.0,-1,-1,0,0,0.0,5.42
222.888,1140,SEARCH,0,0.0,-1,-1,0,0,0.0,5.68
223.069,1141,SEARCH,0,0.0,-1,-1,0,0,0.0,5.52
223.256,1142,SEARCH,0,0.0,-1,-1,0,0,0.0,5.35
223.44,1143,SEARCH,0,0.0,-1,-1,0,0,0.0,5.43
223.668,1144,SEARCH,0,0.0,-1,-1,0,0,0.0,4.38
223.87,1145,SEARCH,0,0.0,-1,-1,0,0,0.0,4.95
224.064,1146,SEARCH,0,0.0,-1,-1,0,0,0.0,5.17
224.243,1147,SEARCH,0,0.0,-1,-1,0,0,0.0,5.59
224.44,1148,SEARCH,0,0.0,-1,-1,0,0,0.0,5.06
224.635,1149,SEARCH,0,0.0,-1,-1,0,0,0.0,5.13
224.81,1150,SEARCH,0,0.0,-1,-1,0,0,0.0,5.72
224.996,1151,SEARCH,0,0.0,-1,-1,0,0,0.0,5.38
225.195,1152,SEARCH,0,0.0,-1,-1,0,0,0.0,5.03
225.381,1153,SEARCH,0,0.0,-1,-1,0,0,0.0,5.38
225.564,1154,SEARCH,0,0.0,-1,-1,0,0,0.0,5.46
225.756,1155,SEARCH,0,0.0,-1,-1,0,0,0.0,5.21
225.938,1156,SEARCH,0,0.0,-1,-1,0,0,0.0,5.47
226.12,1157,SEARCH,0,0.0,-1,-1,0,0,0.0,5.51
226.301,1158,SEARCH,0,0.0,-1,-1,0,0,0.0,5.52
226.498,1159,SEARCH,0,0.0,-1,-1,0,0,0.0,5.07
226.678,1160,SEARCH,0,0.0,-1,-1,0,0,0.0,5.56
226.898,1161,SEARCH,0,0.0,-1,-1,0,0,0.0,4.55
227.171,1162,SEARCH,0,0.0,-1,-1,0,0,0.0,3.66
227.402,1163,SEARCH,0,0.0,-1,-1,0,0,0.0,4.33
227.61,1164,SEARCH,0,0.0,-1,-1,0,0,0.0,4.82
227.815,1165,TURN_RIGHT,1,0.3724,391,10,71,-230,0.001629,4.86
228.037,1166,SEARCH,0,0.0,-1,-1,0,0,0.0,4.51
228.227,1167,SEARCH,0,0.0,-1,-1,0,0,0.0,5.27
228.413,1168,SEARCH,0,0.0,-1,-1,0,0,0.0,5.37
228.594,1169,SEARCH,0,0.0,-1,-1,0,0,0.0,5.52
228.785,1170,SEARCH,0,0.0,-1,-1,0,0,0.0,5.25
228.965,1171,SEARCH,0,0.0,-1,-1,0,0,0.0,5.54
229.159,1172,SEARCH,0,0.0,-1,-1,0,0,0.0,5.17
229.349,1173,SEARCH,0,0.0,-1,-1,0,0,0.0,5.26
229.536,1174,SEARCH,0,0.0,-1,-1,0,0,0.0,5.35
229.719,1175,SEARCH,0,0.0,-1,-1,0,0,0.0,5.46
229.903,1176,SEARCH,0,0.0,-1,-1,0,0,0.0,5.43
230.088,1177,SEARCH,0,0.0,-1,-1,0,0,0.0,5.42
230.274,1178,SEARCH,0,0.0,-1,-1,0,0,0.0,5.36
230.462,1179,SEARCH,0,0.0,-1,-1,0,0,0.0,5.32
230.646,1180,SEARCH,0,0.0,-1,-1,0,0,0.0,5.45
230.828,1181,SEARCH,0,0.0,-1,-1,0,0,0.0,5.49
231.011,1182,SEARCH,0,0.0,-1,-1,0,0,0.0,5.48
231.189,1183,SEARCH,0,0.0,-1,-1,0,0,0.0,5.6
231.378,1184,SEARCH,0,0.0,-1,-1,0,0,0.0,5.31
231.57,1185,SEARCH,0,0.0,-1,-1,0,0,0.0,5.2
231.746,1186,SEARCH,0,0.0,-1,-1,0,0,0.0,5.67
231.928,1187,SEARCH,0,0.0,-1,-1,0,0,0.0,5.51
232.162,1188,SEARCH,0,0.0,-1,-1,0,0,0.0,4.28
232.375,1189,SEARCH,0,0.0,-1,-1,0,0,0.0,4.69
232.578,1190,SEARCH,0,0.0,-1,-1,0,0,0.0,4.92
232.765,1191,SEARCH,0,0.0,-1,-1,0,0,0.0,5.35
232.944,1192,SEARCH,0,0.0,-1,-1,0,0,0.0,5.59
233.126,1193,SEARCH,0,0.0,-1,-1,0,0,0.0,5.48
233.312,1194,SEARCH,0,0.0,-1,-1,0,0,0.0,5.38
233.494,1195,SEARCH,0,0.0,-1,-1,0,0,0.0,5.51
233.679,1196,SEARCH,0,0.0,-1,-1,0,0,0.0,5.41
233.859,1197,SEARCH,0,0.0,-1,-1,0,0,0.0,5.53
234.045,1198,SEARCH,0,0.0,-1,-1,0,0,0.0,5.4
234.24,1199,SEARCH,0,0.0,-1,-1,0,0,0.0,5.13
234.447,1200,SEARCH,0,0.0,-1,-1,0,0,0.0,4.83
234.66,1201,SEARCH,0,0.0,-1,-1,0,0,0.0,4.69
234.851,1202,SEARCH,0,0.0,-1,-1,0,0,0.0,5.23
235.072,1203,SEARCH,0,0.0,-1,-1,0,0,0.0,4.54
235.264,1204,SEARCH,0,0.0,-1,-1,0,0,0.0,5.2
235.485,1205,SEARCH,0,0.0,-1,-1,0,0,0.0,4.52
235.715,1206,SEARCH,0,0.0,-1,-1,0,0,0.0,4.35
235.938,1207,SEARCH,0,0.0,-1,-1,0,0,0.0,4.48
236.133,1208,SEARCH,0,0.0,-1,-1,0,0,0.0,5.12
236.344,1209,SEARCH,0,0.0,-1,-1,0,0,0.0,4.74
236.531,1210,SEARCH,0,0.0,-1,-1,0,0,0.0,5.37
236.744,1211,SEARCH,0,0.0,-1,-1,0,0,0.0,4.69
236.932,1212,SEARCH,0,0.0,-1,-1,0,0,0.0,5.33
237.145,1213,SEARCH,0,0.0,-1,-1,0,0,0.0,4.69
237.332,1214,SEARCH,0,0.0,-1,-1,0,0,0.0,5.36
237.546,1215,SEARCH,0,0.0,-1,-1,0,0,0.0,4.68
237.736,1216,SEARCH,0,0.0,-1,-1,0,0,0.0,5.26
237.92,1217,SEARCH,0,0.0,-1,-1,0,0,0.0,5.43
238.138,1218,SEARCH,0,0.0,-1,-1,0,0,0.0,4.6
238.325,1219,SEARCH,0,0.0,-1,-1,0,0,0.0,5.35
238.513,1220,SEARCH,0,0.0,-1,-1,0,0,0.0,5.3
238.744,1221,SEARCH,0,0.0,-1,-1,0,0,0.0,4.32
238.927,1222,SEARCH,0,0.0,-1,-1,0,0,0.0,5.49
239.112,1223,SEARCH,0,0.0,-1,-1,0,0,0.0,5.39
239.339,1224,SEARCH,0,0.0,-1,-1,0,0,0.0,4.42
239.511,1225,SEARCH,0,0.0,-1,-1,0,0,0.0,5.79
239.689,1226,SEARCH,0,0.0,-1,-1,0,0,0.0,5.62
239.869,1227,SEARCH,0,0.0,-1,-1,0,0,0.0,5.57
240.046,1228,SEARCH,0,0.0,-1,-1,0,0,0.0,5.65
240.242,1229,SEARCH,0,0.0,-1,-1,0,0,0.0,5.1
240.428,1230,SEARCH,0,0.0,-1,-1,0,0,0.0,5.38
240.614,1231,SEARCH,0,0.0,-1,-1,0,0,0.0,5.36
240.853,1232,SEARCH,0,0.0,-1,-1,0,0,0.0,4.19
241.063,1233,SEARCH,0,0.0,-1,-1,0,0,0.0,4.77
241.244,1234,SEARCH,0,0.0,-1,-1,0,0,0.0,5.51
241.444,1235,SEARCH,0,0.0,-1,-1,0,0,0.0,5.0
241.633,1236,SEARCH,0,0.0,-1,-1,0,0,0.0,5.29
241.845,1237,SEARCH,0,0.0,-1,-1,0,0,0.0,4.71
242.028,1238,SEARCH,0,0.0,-1,-1,0,0,0.0,5.49
242.211,1239,SEARCH,0,0.0,-1,-1,0,0,0.0,5.46
242.399,1240,SEARCH,0,0.0,-1,-1,0,0,0.0,5.32
242.586,1241,SEARCH,0,0.0,-1,-1,0,0,0.0,5.33
242.793,1242,SEARCH,0,0.0,-1,-1,0,0,0.0,4.83
242.979,1243,SEARCH,0,0.0,-1,-1,0,0,0.0,5.39
243.164,1244,SEARCH,0,0.0,-1,-1,0,0,0.0,5.41
243.349,1245,SEARCH,0,0.0,-1,-1,0,0,0.0,5.38
243.531,1246,SEARCH,0,0.0,-1,-1,0,0,0.0,5.51
243.734,1247,SEARCH,0,0.0,-1,-1,0,0,0.0,4.93
243.924,1248,SEARCH,0,0.0,-1,-1,0,0,0.0,5.27
244.097,1249,SEARCH,0,0.0,-1,-1,0,0,0.0,5.78
244.277,1250,SEARCH,0,0.0,-1,-1,0,0,0.0,5.55
244.467,1251,SEARCH,0,0.0,-1,-1,0,0,0.0,5.26
244.661,1252,SEARCH,0,0.0,-1,-1,0,0,0.0,5.17
244.842,1253,SEARCH,0,0.0,-1,-1,0,0,0.0,5.52
245.029,1254,SEARCH,0,0.0,-1,-1,0,0,0.0,5.36
245.234,1255,SEARCH,0,0.0,-1,-1,0,0,0.0,4.88
245.42,1256,SEARCH,0,0.0,-1,-1,0,0,0.0,5.37
245.62,1257,SEARCH,0,0.0,-1,-1,0,0,0.0,5.0
245.806,1258,SEARCH,0,0.0,-1,-1,0,0,0.0,5.37
245.985,1259,SEARCH,0,0.0,-1,-1,0,0,0.0,5.59
246.172,1260,SEARCH,0,0.0,-1,-1,0,0,0.0,5.35
246.364,1261,SEARCH,0,0.0,-1,-1,0,0,0.0,5.2
246.549,1262,SEARCH,0,0.0,-1,-1,0,0,0.0,5.4
246.735,1263,SEARCH,0,0.0,-1,-1,0,0,0.0,5.4
246.923,1264,SEARCH,0,0.0,-1,-1,0,0,0.0,5.3
247.151,1265,SEARCH,0,0.0,-1,-1,0,0,0.0,4.4
247.39,1266,SEARCH,0,0.0,-1,-1,0,0,0.0,4.18
247.605,1267,SEARCH,0,0.0,-1,-1,0,0,0.0,4.65
247.786,1268,SEARCH,0,0.0,-1,-1,0,0,0.0,5.53
247.973,1269,SEARCH,0,0.0,-1,-1,0,0,0.0,5.35
248.157,1270,SEARCH,0,0.0,-1,-1,0,0,0.0,5.41
248.339,1271,SEARCH,0,0.0,-1,-1,0,0,0.0,5.51
248.518,1272,SEARCH,0,0.0,-1,-1,0,0,0.0,5.59
248.701,1273,SEARCH,0,0.0,-1,-1,0,0,0.0,5.48
248.885,1274,SEARCH,0,0.0,-1,-1,0,0,0.0,5.43
249.063,1275,SEARCH,0,0.0,-1,-1,0,0,0.0,5.61
249.292,1276,SEARCH,0,0.0,-1,-1,0,0,0.0,4.37
249.501,1277,SEARCH,0,0.0,-1,-1,0,0,0.0,4.77
249.704,1278,SEARCH,0,0.0,-1,-1,0,0,0.0,4.93
249.894,1279,SEARCH,0,0.0,-1,-1,0,0,0.0,5.25
250.087,1280,SEARCH,0,0.0,-1,-1,0,0,0.0,5.19
250.269,1281,SEARCH,0,0.0,-1,-1,0,0,0.0,5.5
250.455,1282,SEARCH,0,0.0,-1,-1,0,0,0.0,5.39
250.642,1283,SEARCH,0,0.0,-1,-1,0,0,0.0,5.32
250.826,1284,SEARCH,0,0.0,-1,-1,0,0,0.0,5.44
251.029,1285,SEARCH,0,0.0,-1,-1,0,0,0.0,4.94
251.213,1286,SEARCH,0,0.0,-1,-1,0,0,0.0,5.42
251.403,1287,SEARCH,0,0.0,-1,-1,0,0,0.0,5.26
251.586,1288,SEARCH,0,0.0,-1,-1,0,0,0.0,5.49
251.772,1289,SEARCH,0,0.0,-1,-1,0,0,0.0,5.37
251.963,1290,SEARCH,0,0.0,-1,-1,0,0,0.0,5.23
252.144,1291,SEARCH,0,0.0,-1,-1,0,0,0.0,5.52
252.333,1292,SEARCH,0,0.0,-1,-1,0,0,0.0,5.3
252.523,1293,SEARCH,0,0.0,-1,-1,0,0,0.0,5.25
252.712,1294,SEARCH,0,0.0,-1,-1,0,0,0.0,5.28
252.895,1295,SEARCH,0,0.0,-1,-1,0,0,0.0,5.47
253.087,1296,SEARCH,0,0.0,-1,-1,0,0,0.0,5.22
253.275,1297,SEARCH,0,0.0,-1,-1,0,0,0.0,5.32
253.461,1298,SEARCH,0,0.0,-1,-1,0,0,0.0,5.36
253.644,1299,SEARCH,0,0.0,-1,-1,0,0,0.0,5.48
253.824,1300,SEARCH,0,0.0,-1,-1,0,0,0.0,5.56
254.017,1301,SEARCH,0,0.0,-1,-1,0,0,0.0,5.18
254.2,1302,SEARCH,0,0.0,-1,-1,0,0,0.0,5.45
254.452,1303,SEARCH,0,0.0,-1,-1,0,0,0.0,3.97
254.668,1304,SEARCH,0,0.0,-1,-1,0,0,0.0,4.64
254.846,1305,SEARCH,0,0.0,-1,-1,0,0,0.0,5.6
255.031,1306,SEARCH,0,0.0,-1,-1,0,0,0.0,5.41
255.217,1307,SEARCH,0,0.0,-1,-1,0,0,0.0,5.39
255.442,1308,SEARCH,0,0.0,-1,-1,0,0,0.0,4.44
255.637,1309,SEARCH,0,0.0,-1,-1,0,0,0.0,5.12
255.82,1310,SEARCH,0,0.0,-1,-1,0,0,0.0,5.45
256.009,1311,SEARCH,0,0.0,-1,-1,0,0,0.0,5.3
256.251,1312,SEARCH,0,0.0,-1,-1,0,0,0.0,4.13
256.453,1313,SEARCH,0,0.0,-1,-1,0,0,0.0,4.97
256.645,1314,SEARCH,0,0.0,-1,-1,0,0,0.0,5.21
256.829,1315,SEARCH,0,0.0,-1,-1,0,0,0.0,5.42
257.02,1316,SEARCH,0,0.0,-1,-1,0,0,0.0,5.25
257.206,1317,SEARCH,0,0.0,-1,-1,0,0,0.0,5.38
257.398,1318,SEARCH,0,0.0,-1,-1,0,0,0.0,5.19
257.59,1319,SEARCH,0,0.0,-1,-1,0,0,0.0,5.22
257.839,1320,SEARCH,0,0.0,-1,-1,0,0,0.0,4.01
258.042,1321,SEARCH,0,0.0,-1,-1,0,0,0.0,4.94
258.229,1322,SEARCH,0,0.0,-1,-1,0,0,0.0,5.34
258.427,1323,SEARCH,0,0.0,-1,-1,0,0,0.0,5.05
258.608,1324,SEARCH,0,0.0,-1,-1,0,0,0.0,5.51
258.796,1325,SEARCH,0,0.0,-1,-1,0,0,0.0,5.33
258.981,1326,SEARCH,0,0.0,-1,-1,0,0,0.0,5.42
259.177,1327,SEARCH,0,0.0,-1,-1,0,0,0.0,5.08
259.386,1328,SEARCH,0,0.0,-1,-1,0,0,0.0,4.79
259.872,1329,SEARCH,0,0.0,-1,-1,0,0,0.0,2.06
260.061,1330,SEARCH,0,0.0,-1,-1,0,0,0.0,5.3
260.256,1331,SEARCH,0,0.0,-1,-1,0,0,0.0,5.12
260.483,1332,SEARCH,0,0.0,-1,-1,0,0,0.0,4.4
260.677,1333,SEARCH,0,0.0,-1,-1,0,0,0.0,5.16
260.86,1334,SEARCH,0,0.0,-1,-1,0,0,0.0,5.48
261.042,1335,SEARCH,0,0.0,-1,-1,0,0,0.0,5.49
261.232,1336,SEARCH,0,0.0,-1,-1,0,0,0.0,5.25
261.419,1337,SEARCH,0,0.0,-1,-1,0,0,0.0,5.35
261.601,1338,SEARCH,0,0.0,-1,-1,0,0,0.0,5.5
261.784,1339,SEARCH,0,0.0,-1,-1,0,0,0.0,5.47
261.968,1340,SEARCH,0,0.0,-1,-1,0,0,0.0,5.42
262.145,1341,SEARCH,0,0.0,-1,-1,0,0,0.0,5.68
262.347,1342,SEARCH,0,0.0,-1,-1,0,0,0.0,4.94
262.54,1343,SEARCH,0,0.0,-1,-1,0,0,0.0,5.19
262.727,1344,SEARCH,0,0.0,-1,-1,0,0,0.0,5.35
262.92,1345,SEARCH,0,0.0,-1,-1,0,0,0.0,5.17
263.112,1346,SEARCH,0,0.0,-1,-1,0,0,0.0,5.23
263.314,1347,SEARCH,0,0.0,-1,-1,0,0,0.0,4.94
263.496,1348,SEARCH,0,0.0,-1,-1,0,0,0.0,5.5
263.685,1349,SEARCH,0,0.0,-1,-1,0,0,0.0,5.28
263.877,1350,SEARCH,0,0.0,-1,-1,0,0,0.0,5.22
264.066,1351,SEARCH,0,0.0,-1,-1,0,0,0.0,5.29
264.258,1352,SEARCH,0,0.0,-1,-1,0,0,0.0,5.22
264.444,1353,SEARCH,0,0.0,-1,-1,0,0,0.0,5.37
264.632,1354,SEARCH,0,0.0,-1,-1,0,0,0.0,5.3
264.814,1355,SEARCH,0,0.0,-1,-1,0,0,0.0,5.5
265.008,1356,SEARCH,0,0.0,-1,-1,0,0,0.0,5.16
265.223,1357,SEARCH,0,0.0,-1,-1,0,0,0.0,4.65
265.422,1358,SEARCH,0,0.0,-1,-1,0,0,0.0,5.02
265.617,1359,SEARCH,0,0.0,-1,-1,0,0,0.0,5.13
265.803,1360,SEARCH,0,0.0,-1,-1,0,0,0.0,5.4
265.991,1361,SEARCH,0,0.0,-1,-1,0,0,0.0,5.32
266.178,1362,SEARCH,0,0.0,-1,-1,0,0,0.0,5.33
266.44,1363,SEARCH,0,0.0,-1,-1,0,0,0.0,3.82
266.643,1364,SEARCH,0,0.0,-1,-1,0,0,0.0,4.91
266.828,1365,SEARCH,0,0.0,-1,-1,0,0,0.0,5.4
267.014,1366,SEARCH,0,0.0,-1,-1,0,0,0.0,5.39
267.195,1367,SEARCH,0,0.0,-1,-1,0,0,0.0,5.52
267.384,1368,TURN_LEFT,1,0.384,192,42,-128,-198,0.003187,5.28
267.557,1369,SEARCH,0,0.0,-1,-1,0,0,0.0,5.78
267.745,1370,SEARCH,0,0.0,-1,-1,0,0,0.0,5.33
267.923,1371,SEARCH,0,0.0,-1,-1,0,0,0.0,5.59
268.111,1372,TURN_LEFT,1,0.3563,192,39,-128,-201,0.00295,5.34
268.307,1373,TURN_LEFT,1,0.4167,192,39,-128,-201,0.003052,5.1
268.498,1374,SEARCH,0,0.0,-1,-1,0,0,0.0,5.23
268.688,1375,SEARCH,0,0.0,-1,-1,0,0,0.0,5.26
268.867,1376,SEARCH,0,0.0,-1,-1,0,0,0.0,5.59
269.049,1377,SEARCH,0,0.0,-1,-1,0,0,0.0,5.49
269.233,1378,SEARCH,0,0.0,-1,-1,0,0,0.0,5.44
269.429,1379,SEARCH,0,0.0,-1,-1,0,0,0.0,5.1
269.618,1380,SEARCH,0,0.0,-1,-1,0,0,0.0,5.29
269.808,1381,SEARCH,0,0.0,-1,-1,0,0,0.0,5.26
270.002,1382,SEARCH,0,0.0,-1,-1,0,0,0.0,5.15
270.187,1383,SEARCH,0,0.0,-1,-1,0,0,0.0,5.41
270.367,1384,SEARCH,0,0.0,-1,-1,0,0,0.0,5.55
270.553,1385,SEARCH,0,0.0,-1,-1,0,0,0.0,5.38
270.748,1386,SEARCH,0,0.0,-1,-1,0,0,0.0,5.13
270.928,1387,SEARCH,0,0.0,-1,-1,0,0,0.0,5.56
271.115,1388,SEARCH,0,0.0,-1,-1,0,0,0.0,5.35
271.3,1389,TURN_LEFT,1,0.4643,192,41,-128,-199,0.003265,5.42
271.494,1390,SEARCH,0,0.0,-1,-1,0,0,0.0,5.14
271.692,1391,SEARCH,0,0.0,-1,-1,0,0,0.0,5.06
271.883,1392,SEARCH,0,0.0,-1,-1,0,0,0.0,5.23
272.07,1393,SEARCH,0,0.0,-1,-1,0,0,0.0,5.35
272.252,1394,SEARCH,0,0.0,-1,-1,0,0,0.0,5.48
272.443,1395,SEARCH,0,0.0,-1,-1,0,0,0.0,5.23
272.63,1396,SEARCH,0,0.0,-1,-1,0,0,0.0,5.36
272.816,1397,SEARCH,0,0.0,-1,-1,0,0,0.0,5.37
273.0,1398,SEARCH,0,0.0,-1,-1,0,0,0.0,5.43
273.178,1399,SEARCH,0,0.0,-1,-1,0,0,0.0,5.64
273.367,1400,SEARCH,0,0.0,-1,-1,0,0,0.0,5.29
273.553,1401,SEARCH,0,0.0,-1,-1,0,0,0.0,5.36
273.74,1402,SEARCH,0,0.0,-1,-1,0,0,0.0,5.34
273.927,1403,SEARCH,0,0.0,-1,-1,0,0,0.0,5.35
274.106,1404,SEARCH,0,0.0,-1,-1,0,0,0.0,5.58
274.306,1405,SEARCH,0,0.0,-1,-1,0,0,0.0,5.02
274.496,1406,SEARCH,0,0.0,-1,-1,0,0,0.0,5.26
274.67,1407,SEARCH,0,0.0,-1,-1,0,0,0.0,5.74
274.899,1408,SEARCH,0,0.0,-1,-1,0,0,0.0,4.38
275.112,1409,SEARCH,0,0.0,-1,-1,0,0,0.0,4.69
275.298,1410,SEARCH,0,0.0,-1,-1,0,0,0.0,5.38
275.479,1411,SEARCH,0,0.0,-1,-1,0,0,0.0,5.51
275.665,1412,SEARCH,0,0.0,-1,-1,0,0,0.0,5.39
275.848,1413,SEARCH,0,0.0,-1,-1,0,0,0.0,5.46
276.033,1414,SEARCH,0,0.0,-1,-1,0,0,0.0,5.39
276.216,1415,SEARCH,0,0.0,-1,-1,0,0,0.0,5.46
276.412,1416,SEARCH,0,0.0,-1,-1,0,0,0.0,5.1
276.607,1417,SEARCH,0,0.0,-1,-1,0,0,0.0,5.12
276.791,1418,SEARCH,0,0.0,-1,-1,0,0,0.0,5.46
276.985,1419,SEARCH,0,0.0,-1,-1,0,0,0.0,5.15
277.173,1420,SEARCH,0,0.0,-1,-1,0,0,0.0,5.33
277.371,1421,SEARCH,0,0.0,-1,-1,0,0,0.0,5.03
277.556,1422,SEARCH,0,0.0,-1,-1,0,0,0.0,5.4
277.741,1423,SEARCH,0,0.0,-1,-1,0,0,0.0,5.42
277.928,1424,SEARCH,0,0.0,-1,-1,0,0,0.0,5.35
278.113,1425,SEARCH,0,0.0,-1,-1,0,0,0.0,5.39
278.307,1426,SEARCH,0,0.0,-1,-1,0,0,0.0,5.18
278.494,1427,SEARCH,0,0.0,-1,-1,0,0,0.0,5.33
278.688,1428,SEARCH,0,0.0,-1,-1,0,0,0.0,5.16
278.873,1429,SEARCH,0,0.0,-1,-1,0,0,0.0,5.41
279.059,1430,SEARCH,0,0.0,-1,-1,0,0,0.0,5.36
279.278,1431,SEARCH,0,0.0,-1,-1,0,0,0.0,4.58
279.475,1432,SEARCH,0,0.0,-1,-1,0,0,0.0,5.06
279.666,1433,SEARCH,0,0.0,-1,-1,0,0,0.0,5.24
279.852,1434,SEARCH,0,0.0,-1,-1,0,0,0.0,5.36
280.037,1435,SEARCH,0,0.0,-1,-1,0,0,0.0,5.43
280.229,1436,SEARCH,0,0.0,-1,-1,0,0,0.0,5.21
280.423,1437,SEARCH,0,0.0,-1,-1,0,0,0.0,5.14
280.62,1438,SEARCH,0,0.0,-1,-1,0,0,0.0,5.08
280.808,1439,SEARCH,0,0.0,-1,-1,0,0,0.0,5.32
281.006,1440,SEARCH,0,0.0,-1,-1,0,0,0.0,5.04
281.191,1441,SEARCH,0,0.0,-1,-1,0,0,0.0,5.41
281.381,1442,SEARCH,0,0.0,-1,-1,0,0,0.0,5.28
281.562,1443,SEARCH,0,0.0,-1,-1,0,0,0.0,5.5
281.75,1444,SEARCH,0,0.0,-1,-1,0,0,0.0,5.34
281.933,1445,SEARCH,0,0.0,-1,-1,0,0,0.0,5.47
282.11,1446,SEARCH,0,0.0,-1,-1,0,0,0.0,5.65
282.291,1447,SEARCH,0,0.0,-1,-1,0,0,0.0,5.5
282.477,1448,SEARCH,0,0.0,-1,-1,0,0,0.0,5.4
282.653,1449,SEARCH,0,0.0,-1,-1,0,0,0.0,5.69
282.84,1450,SEARCH,0,0.0,-1,-1,0,0,0.0,5.34
283.03,1451,SEARCH,0,0.0,-1,-1,0,0,0.0,5.27
283.214,1452,SEARCH,0,0.0,-1,-1,0,0,0.0,5.42
283.465,1453,SEARCH,0,0.0,-1,-1,0,0,0.0,3.99
283.668,1454,SEARCH,0,0.0,-1,-1,0,0,0.0,4.93
283.868,1455,SEARCH,0,0.0,-1,-1,0,0,0.0,5.0
284.04,1456,SEARCH,0,0.0,-1,-1,0,0,0.0,5.81
284.231,1457,SEARCH,0,0.0,-1,-1,0,0,0.0,5.23
284.421,1458,SEARCH,0,0.0,-1,-1,0,0,0.0,5.27
284.608,1459,SEARCH,0,0.0,-1,-1,0,0,0.0,5.35
284.801,1460,SEARCH,0,0.0,-1,-1,0,0,0.0,5.18
284.981,1461,SEARCH,0,0.0,-1,-1,0,0,0.0,5.54
285.197,1462,SEARCH,0,0.0,-1,-1,0,0,0.0,4.63
285.384,1463,SEARCH,0,0.0,-1,-1,0,0,0.0,5.36
285.565,1464,SEARCH,0,0.0,-1,-1,0,0,0.0,5.52
285.748,1465,SEARCH,0,0.0,-1,-1,0,0,0.0,5.45
285.945,1466,SEARCH,0,0.0,-1,-1,0,0,0.0,5.08
286.135,1467,SEARCH,0,0.0,-1,-1,0,0,0.0,5.28
286.345,1468,SEARCH,0,0.0,-1,-1,0,0,0.0,4.76
286.538,1469,SEARCH,0,0.0,-1,-1,0,0,0.0,5.16
286.724,1470,SEARCH,0,0.0,-1,-1,0,0,0.0,5.4
286.911,1471,SEARCH,0,0.0,-1,-1,0,0,0.0,5.34
287.101,1472,SEARCH,0,0.0,-1,-1,0,0,0.0,5.27
287.283,1473,SEARCH,0,0.0,-1,-1,0,0,0.0,5.48
287.471,1474,SEARCH,0,0.0,-1,-1,0,0,0.0,5.33
287.658,1475,SEARCH,0,0.0,-1,-1,0,0,0.0,5.34
287.881,1476,SEARCH,0,0.0,-1,-1,0,0,0.0,4.48
288.066,1477,SEARCH,0,0.0,-1,-1,0,0,0.0,5.39
288.249,1478,SEARCH,0,0.0,-1,-1,0,0,0.0,5.46
288.451,1479,SEARCH,0,0.0,-1,-1,0,0,0.0,4.95
288.639,1480,SEARCH,0,0.0,-1,-1,0,0,0.0,5.35
288.832,1481,SEARCH,0,0.0,-1,-1,0,0,0.0,5.18
289.013,1482,SEARCH,0,0.0,-1,-1,0,0,0.0,5.51
289.207,1483,SEARCH,0,0.0,-1,-1,0,0,0.0,5.15
289.402,1484,SEARCH,0,0.0,-1,-1,0,0,0.0,5.13
289.593,1485,SEARCH,0,0.0,-1,-1,0,0,0.0,5.24
289.777,1486,SEARCH,0,0.0,-1,-1,0,0,0.0,5.42
289.973,1487,SEARCH,0,0.0,-1,-1,0,0,0.0,5.12
290.157,1488,SEARCH,0,0.0,-1,-1,0,0,0.0,5.44
290.344,1489,SEARCH,0,0.0,-1,-1,0,0,0.0,5.34
290.528,1490,SEARCH,0,0.0,-1,-1,0,0,0.0,5.43
290.715,1491,SEARCH,0,0.0,-1,-1,0,0,0.0,5.36
290.911,1492,SEARCH,0,0.0,-1,-1,0,0,0.0,5.08
291.103,1493,SEARCH,0,0.0,-1,-1,0,0,0.0,5.22
291.29,1494,SEARCH,0,0.0,-1,-1,0,0,0.0,5.35
291.481,1495,SEARCH,0,0.0,-1,-1,0,0,0.0,5.23
291.671,1496,SEARCH,0,0.0,-1,-1,0,0,0.0,5.27
291.91,1497,SEARCH,0,0.0,-1,-1,0,0,0.0,4.18
292.113,1498,SEARCH,0,0.0,-1,-1,0,0,0.0,4.92
292.322,1499,SEARCH,0,0.0,-1,-1,0,0,0.0,4.79
292.504,1500,SEARCH,0,0.0,-1,-1,0,0,0.0,5.5
292.687,1501,SEARCH,0,0.0,-1,-1,0,0,0.0,5.46
292.869,1502,SEARCH,0,0.0,-1,-1,0,0,0.0,5.5
293.06,1503,SEARCH,0,0.0,-1,-1,0,0,0.0,5.23
293.244,1504,SEARCH,0,0.0,-1,-1,0,0,0.0,5.45
293.417,1505,SEARCH,0,0.0,-1,-1,0,0,0.0,5.78
293.603,1506,SEARCH,0,0.0,-1,-1,0,0,0.0,5.36
293.785,1507,SEARCH,0,0.0,-1,-1,0,0,0.0,5.5
293.964,1508,SEARCH,0,0.0,-1,-1,0,0,0.0,5.6
294.161,1509,SEARCH,0,0.0,-1,-1,0,0,0.0,5.07
294.356,1510,SEARCH,0,0.0,-1,-1,0,0,0.0,5.13
294.55,1511,SEARCH,0,0.0,-1,-1,0,0,0.0,5.16
294.743,1512,SEARCH,0,0.0,-1,-1,0,0,0.0,5.17
294.934,1513,SEARCH,0,0.0,-1,-1,0,0,0.0,5.24
295.125,1514,SEARCH,0,0.0,-1,-1,0,0,0.0,5.25
295.31,1515,SEARCH,0,0.0,-1,-1,0,0,0.0,5.38
295.499,1516,SEARCH,0,0.0,-1,-1,0,0,0.0,5.3
295.684,1517,SEARCH,0,0.0,-1,-1,0,0,0.0,5.4
295.877,1518,SEARCH,0,0.0,-1,-1,0,0,0.0,5.18
296.066,1519,SEARCH,0,0.0,-1,-1,0,0,0.0,5.31
296.25,1520,SEARCH,0,0.0,-1,-1,0,0,0.0,5.44
296.429,1521,SEARCH,0,0.0,-1,-1,0,0,0.0,5.58
296.616,1522,SEARCH,0,0.0,-1,-1,0,0,0.0,5.35
296.806,1523,SEARCH,0,0.0,-1,-1,0,0,0.0,5.27
296.994,1524,SEARCH,0,0.0,-1,-1,0,0,0.0,5.31
297.185,1525,SEARCH,0,0.0,-1,-1,0,0,0.0,5.24
297.373,1526,SEARCH,0,0.0,-1,-1,0,0,0.0,5.31
297.559,1527,SEARCH,0,0.0,-1,-1,0,0,0.0,5.4
297.74,1528,SEARCH,0,0.0,-1,-1,0,0,0.0,5.53
297.918,1529,SEARCH,0,0.0,-1,-1,0,0,0.0,5.62
298.109,1530,SEARCH,0,0.0,-1,-1,0,0,0.0,5.22
298.293,1531,SEARCH,0,0.0,-1,-1,0,0,0.0,5.45
298.472,1532,SEARCH,0,0.0,-1,-1,0,0,0.0,5.56
298.658,1533,SEARCH,0,0.0,-1,-1,0,0,0.0,5.39
298.848,1534,SEARCH,0,0.0,-1,-1,0,0,0.0,5.27
299.022,1535,SEARCH,0,0.0,-1,-1,0,0,0.0,5.75
299.209,1536,SEARCH,0,0.0,-1,-1,0,0,0.0,5.34
299.396,1537,SEARCH,0,0.0,-1,-1,0,0,0.0,5.35
299.587,1538,SEARCH,0,0.0,-1,-1,0,0,0.0,5.25
299.771,1539,SEARCH,0,0.0,-1,-1,0,0,0.0,5.45
299.954,1540,SEARCH,0,0.0,-1,-1,0,0,0.0,5.44
300.142,1541,SEARCH,0,0.0,-1,-1,0,0,0.0,5.34
300.34,1542,SEARCH,0,0.0,-1,-1,0,0,0.0,5.05
300.641,1543,SEARCH,0,0.0,-1,-1,0,0,0.0,3.32
300.897,1544,SEARCH,0,0.0,-1,-1,0,0,0.0,3.91
301.109,1545,SEARCH,0,0.0,-1,-1,0,0,0.0,4.73
301.306,1546,SEARCH,0,0.0,-1,-1,0,0,0.0,5.09
301.547,1547,SEARCH,0,0.0,-1,-1,0,0,0.0,4.14
301.727,1548,SEARCH,0,0.0,-1,-1,0,0,0.0,5.54
301.968,1549,SEARCH,0,0.0,-1,-1,0,0,0.0,4.16
302.163,1550,SEARCH,0,0.0,-1,-1,0,0,0.0,5.13
302.404,1551,SEARCH,0,0.0,-1,-1,0,0,0.0,4.14
302.648,1552,SEARCH,0,0.0,-1,-1,0,0,0.0,4.1
303.034,1553,SEARCH,0,0.0,-1,-1,0,0,0.0,2.59
303.214,1554,SEARCH,0,0.0,-1,-1,0,0,0.0,5.56
303.433,1555,SEARCH,0,0.0,-1,-1,0,0,0.0,4.57
303.622,1556,SEARCH,0,0.0,-1,-1,0,0,0.0,5.29
303.801,1557,SEARCH,0,0.0,-1,-1,0,0,0.0,5.58
304.013,1558,SEARCH,0,0.0,-1,-1,0,0,0.0,4.71
304.209,1559,SEARCH,0,0.0,-1,-1,0,0,0.0,5.12
304.42,1560,SEARCH,0,0.0,-1,-1,0,0,0.0,4.73
304.621,1561,SEARCH,0,0.0,-1,-1,0,0,0.0,4.98
304.82,1562,SEARCH,0,0.0,-1,-1,0,0,0.0,5.03
305.037,1563,SEARCH,0,0.0,-1,-1,0,0,0.0,4.6
305.372,1564,SEARCH,0,0.0,-1,-1,0,0,0.0,2.99
305.658,1565,SEARCH,0,0.0,-1,-1,0,0,0.0,3.49
305.897,1566,SEARCH,0,0.0,-1,-1,0,0,0.0,4.18
306.08,1567,SEARCH,0,0.0,-1,-1,0,0,0.0,5.48
306.279,1568,SEARCH,0,0.0,-1,-1,0,0,0.0,5.03
306.47,1569,SEARCH,0,0.0,-1,-1,0,0,0.0,5.24
306.65,1570,SEARCH,0,0.0,-1,-1,0,0,0.0,5.55
306.834,1571,SEARCH,0,0.0,-1,-1,0,0,0.0,5.45
307.026,1572,SEARCH,0,0.0,-1,-1,0,0,0.0,5.19
307.213,1573,SEARCH,0,0.0,-1,-1,0,0,0.0,5.35
307.413,1574,SEARCH,0,0.0,-1,-1,0,0,0.0,4.99
307.592,1575,SEARCH,0,0.0,-1,-1,0,0,0.0,5.59
308.104,1576,SEARCH,0,0.0,-1,-1,0,0,0.0,1.96
308.658,1577,SEARCH,0,0.0,-1,-1,0,0,0.0,1.81
309.081,1578,SEARCH,0,0.0,-1,-1,0,0,0.0,2.36
309.409,1579,SEARCH,0,0.0,-1,-1,0,0,0.0,3.05
309.681,1580,SEARCH,0,0.0,-1,-1,0,0,0.0,3.67
309.912,1581,SEARCH,0,0.0,-1,-1,0,0,0.0,4.34
310.147,1582,SEARCH,0,0.0,-1,-1,0,0,0.0,4.26
310.388,1583,SEARCH,0,0.0,-1,-1,0,0,0.0,4.15
310.61,1584,SEARCH,0,0.0,-1,-1,0,0,0.0,4.5
310.822,1585,SEARCH,0,0.0,-1,-1,0,0,0.0,4.72
311.068,1586,SEARCH,0,0.0,-1,-1,0,0,0.0,4.06
311.276,1587,SEARCH,0,0.0,-1,-1,0,0,0.0,4.8
311.496,1588,SEARCH,0,0.0,-1,-1,0,0,0.0,4.54
311.7,1589,SEARCH,0,0.0,-1,-1,0,0,0.0,4.9
311.931,1590,SEARCH,0,0.0,-1,-1,0,0,0.0,4.33
312.123,1591,SEARCH,0,0.0,-1,-1,0,0,0.0,5.22
312.306,1592,SEARCH,0,0.0,-1,-1,0,0,0.0,5.46
312.49,1593,SEARCH,0,0.0,-1,-1,0,0,0.0,5.45
312.676,1594,SEARCH,0,0.0,-1,-1,0,0,0.0,5.35
312.859,1595,SEARCH,0,0.0,-1,-1,0,0,0.0,5.49
313.044,1596,SEARCH,0,0.0,-1,-1,0,0,0.0,5.38
313.233,1597,SEARCH,0,0.0,-1,-1,0,0,0.0,5.3
313.422,1598,SEARCH,0,0.0,-1,-1,0,0,0.0,5.29
313.617,1599,SEARCH,0,0.0,-1,-1,0,0,0.0,5.12
313.809,1600,SEARCH,0,0.0,-1,-1,0,0,0.0,5.21
313.996,1601,SEARCH,0,0.0,-1,-1,0,0,0.0,5.36
314.186,1602,SEARCH,0,0.0,-1,-1,0,0,0.0,5.26
314.449,1603,SEARCH,0,0.0,-1,-1,0,0,0.0,3.8
314.671,1604,SEARCH,0,0.0,-1,-1,0,0,0.0,4.5
314.865,1605,SEARCH,0,0.0,-1,-1,0,0,0.0,5.16
315.06,1606,SEARCH,0,0.0,-1,-1,0,0,0.0,5.12
315.255,1607,SEARCH,0,0.0,-1,-1,0,0,0.0,5.14
315.444,1608,SEARCH,0,0.0,-1,-1,0,0,0.0,5.29
315.646,1609,SEARCH,0,0.0,-1,-1,0,0,0.0,4.94
315.836,1610,SEARCH,0,0.0,-1,-1,0,0,0.0,5.26
316.038,1611,SEARCH,0,0.0,-1,-1,0,0,0.0,4.95
316.232,1612,SEARCH,0,0.0,-1,-1,0,0,0.0,5.16
316.427,1613,SEARCH,0,0.0,-1,-1,0,0,0.0,5.12
316.621,1614,SEARCH,0,0.0,-1,-1,0,0,0.0,5.16
316.81,1615,SEARCH,0,0.0,-1,-1,0,0,0.0,5.29
317.008,1616,SEARCH,0,0.0,-1,-1,0,0,0.0,5.04
317.206,1617,SEARCH,0,0.0,-1,-1,0,0,0.0,5.06
317.414,1618,SEARCH,0,0.0,-1,-1,0,0,0.0,4.81
317.657,1619,SEARCH,0,0.0,-1,-1,0,0,0.0,4.12
317.868,1620,SEARCH,0,0.0,-1,-1,0,0,0.0,4.73
318.052,1621,SEARCH,0,0.0,-1,-1,0,0,0.0,5.43
318.25,1622,SEARCH,0,0.0,-1,-1,0,0,0.0,5.05
318.44,1623,SEARCH,0,0.0,-1,-1,0,0,0.0,5.28
318.636,1624,SEARCH,0,0.0,-1,-1,0,0,0.0,5.09
318.851,1625,SEARCH,0,0.0,-1,-1,0,0,0.0,4.65
319.044,1626,SEARCH,0,0.0,-1,-1,0,0,0.0,5.19
319.228,1627,SEARCH,0,0.0,-1,-1,0,0,0.0,5.43
319.424,1628,SEARCH,0,0.0,-1,-1,0,0,0.0,5.09
319.609,1629,SEARCH,0,0.0,-1,-1,0,0,0.0,5.39
319.795,1630,SEARCH,0,0.0,-1,-1,0,0,0.0,5.4
319.989,1631,SEARCH,0,0.0,-1,-1,0,0,0.0,5.15
320.173,1632,SEARCH,0,0.0,-1,-1,0,0,0.0,5.43
320.36,1633,SEARCH,0,0.0,-1,-1,0,0,0.0,5.34
320.553,1634,SEARCH,0,0.0,-1,-1,0,0,0.0,5.19
321.239,1635,SEARCH,0,0.0,-1,-1,0,0,0.0,1.46
321.426,1636,SEARCH,0,0.0,-1,-1,0,0,0.0,5.35
321.619,1637,SEARCH,0,0.0,-1,-1,0,0,0.0,5.17
321.809,1638,SEARCH,0,0.0,-1,-1,0,0,0.0,5.29
322.0,1639,SEARCH,0,0.0,-1,-1,0,0,0.0,5.21
322.192,1640,SEARCH,0,0.0,-1,-1,0,0,0.0,5.23
322.834,1641,SEARCH,0,0.0,-1,-1,0,0,0.0,1.56
323.025,1642,SEARCH,0,0.0,-1,-1,0,0,0.0,5.25
323.218,1643,SEARCH,0,0.0,-1,-1,0,0,0.0,5.17
323.438,1644,SEARCH,0,0.0,-1,-1,0,0,0.0,4.56
323.653,1645,SEARCH,0,0.0,-1,-1,0,0,0.0,4.64
323.851,1646,SEARCH,0,0.0,-1,-1,0,0,0.0,5.05
324.061,1647,SEARCH,0,0.0,-1,-1,0,0,0.0,4.76
324.251,1648,SEARCH,0,0.0,-1,-1,0,0,0.0,5.26
324.461,1649,SEARCH,0,0.0,-1,-1,0,0,0.0,4.78
324.694,1650,SEARCH,0,0.0,-1,-1,0,0,0.0,4.3
324.917,1651,SEARCH,0,0.0,-1,-1,0,0,0.0,4.48
325.174,1652,SEARCH,0,0.0,-1,-1,0,0,0.0,3.88
325.377,1653,SEARCH,0,0.0,-1,-1,0,0,0.0,4.92
325.576,1654,SEARCH,0,0.0,-1,-1,0,0,0.0,5.04
325.76,1655,SEARCH,0,0.0,-1,-1,0,0,0.0,5.43
325.994,1656,SEARCH,0,0.0,-1,-1,0,0,0.0,4.28
326.212,1657,SEARCH,0,0.0,-1,-1,0,0,0.0,4.59
326.419,1658,SEARCH,0,0.0,-1,-1,0,0,0.0,4.81
326.607,1659,SEARCH,0,0.0,-1,-1,0,0,0.0,5.34
326.796,1660,SEARCH,0,0.0,-1,-1,0,0,0.0,5.29
326.988,1661,SEARCH,0,0.0,-1,-1,0,0,0.0,5.2
327.176,1662,SEARCH,0,0.0,-1,-1,0,0,0.0,5.3
327.364,1663,SEARCH,0,0.0,-1,-1,0,0,0.0,5.33
327.549,1664,SEARCH,0,0.0,-1,-1,0,0,0.0,5.42
327.74,1665,SEARCH,0,0.0,-1,-1,0,0,0.0,5.23
327.931,1666,SEARCH,0,0.0,-1,-1,0,0,0.0,5.22
328.114,1667,SEARCH,0,0.0,-1,-1,0,0,0.0,5.48
328.296,1668,SEARCH,0,0.0,-1,-1,0,0,0.0,5.5
328.486,1669,SEARCH,0,0.0,-1,-1,0,0,0.0,5.26
328.673,1670,SEARCH,0,0.0,-1,-1,0,0,0.0,5.34
328.86,1671,SEARCH,0,0.0,-1,-1,0,0,0.0,5.36
329.042,1672,SEARCH,0,0.0,-1,-1,0,0,0.0,5.48
329.228,1673,SEARCH,0,0.0,-1,-1,0,0,0.0,5.37
329.417,1674,SEARCH,0,0.0,-1,-1,0,0,0.0,5.3
329.61,1675,SEARCH,0,0.0,-1,-1,0,0,0.0,5.18
329.795,1676,SEARCH,0,0.0,-1,-1,0,0,0.0,5.42
330.001,1677,SEARCH,0,0.0,-1,-1,0,0,0.0,4.85
330.181,1678,SEARCH,0,0.0,-1,-1,0,0,0.0,5.55
330.377,1679,SEARCH,0,0.0,-1,-1,0,0,0.0,5.1
330.555,1680,SEARCH,0,0.0,-1,-1,0,0,0.0,5.62
330.734,1681,SEARCH,0,0.0,-1,-1,0,0,0.0,5.61
330.923,1682,SEARCH,0,0.0,-1,-1,0,0,0.0,5.28
331.111,1683,SEARCH,0,0.0,-1,-1,0,0,0.0,5.33
331.306,1684,SEARCH,0,0.0,-1,-1,0,0,0.0,5.12
331.512,1685,SEARCH,0,0.0,-1,-1,0,0,0.0,4.86
331.698,1686,SEARCH,0,0.0,-1,-1,0,0,0.0,5.36
331.882,1687,SEARCH,0,0.0,-1,-1,0,0,0.0,5.44
332.077,1688,SEARCH,0,0.0,-1,-1,0,0,0.0,5.12
332.261,1689,SEARCH,0,0.0,-1,-1,0,0,0.0,5.45
332.457,1690,SEARCH,0,0.0,-1,-1,0,0,0.0,5.1
332.637,1691,SEARCH,0,0.0,-1,-1,0,0,0.0,5.55
332.836,1692,SEARCH,0,0.0,-1,-1,0,0,0.0,5.02
333.024,1693,SEARCH,0,0.0,-1,-1,0,0,0.0,5.33
333.203,1694,SEARCH,0,0.0,-1,-1,0,0,0.0,5.58
333.389,1695,SEARCH,0,0.0,-1,-1,0,0,0.0,5.38
333.582,1696,SEARCH,0,0.0,-1,-1,0,0,0.0,5.18
333.773,1697,SEARCH,0,0.0,-1,-1,0,0,0.0,5.23
333.959,1698,SEARCH,0,0.0,-1,-1,0,0,0.0,5.39
334.147,1699,SEARCH,0,0.0,-1,-1,0,0,0.0,5.32
334.331,1700,SEARCH,0,0.0,-1,-1,0,0,0.0,5.43
334.566,1701,SEARCH,0,0.0,-1,-1,0,0,0.0,4.26
334.769,1702,SEARCH,0,0.0,-1,-1,0,0,0.0,4.92
334.974,1703,SEARCH,0,0.0,-1,-1,0,0,0.0,4.87
335.167,1704,SEARCH,0,0.0,-1,-1,0,0,0.0,5.19
335.384,1705,SEARCH,0,0.0,-1,-1,0,0,0.0,4.6
335.582,1706,SEARCH,0,0.0,-1,-1,0,0,0.0,5.05
335.763,1707,SEARCH,0,0.0,-1,-1,0,0,0.0,5.53
335.952,1708,SEARCH,0,0.0,-1,-1,0,0,0.0,5.31
336.153,1709,SEARCH,0,0.0,-1,-1,0,0,0.0,4.97
336.332,1710,SEARCH,0,0.0,-1,-1,0,0,0.0,5.58
336.516,1711,SEARCH,0,0.0,-1,-1,0,0,0.0,5.43
336.696,1712,SEARCH,0,0.0,-1,-1,0,0,0.0,5.55
336.885,1713,SEARCH,0,0.0,-1,-1,0,0,0.0,5.3
337.076,1714,SEARCH,0,0.0,-1,-1,0,0,0.0,5.23
337.267,1715,SEARCH,0,0.0,-1,-1,0,0,0.0,5.23
337.456,1716,SEARCH,0,0.0,-1,-1,0,0,0.0,5.31
337.642,1717,SEARCH,0,0.0,-1,-1,0,0,0.0,5.37
337.825,1718,SEARCH,0,0.0,-1,-1,0,0,0.0,5.45
338.004,1719,SEARCH,0,0.0,-1,-1,0,0,0.0,5.58
338.197,1720,SEARCH,0,0.0,-1,-1,0,0,0.0,5.18
338.392,1721,SEARCH,0,0.0,-1,-1,0,0,0.0,5.15
338.572,1722,SEARCH,0,0.0,-1,-1,0,0,0.0,5.53
338.767,1723,SEARCH,0,0.0,-1,-1,0,0,0.0,5.14
338.976,1724,SEARCH,0,0.0,-1,-1,0,0,0.0,4.78
339.168,1725,SEARCH,0,0.0,-1,-1,0,0,0.0,5.21
339.352,1726,SEARCH,0,0.0,-1,-1,0,0,0.0,5.43
339.54,1727,SEARCH,0,0.0,-1,-1,0,0,0.0,5.32
339.721,1728,SEARCH,0,0.0,-1,-1,0,0,0.0,5.52
339.911,1729,SEARCH,0,0.0,-1,-1,0,0,0.0,5.28
340.092,1730,SEARCH,0,0.0,-1,-1,0,0,0.0,5.51
340.287,1731,SEARCH,0,0.0,-1,-1,0,0,0.0,5.15
340.559,1732,SEARCH,0,0.0,-1,-1,0,0,0.0,3.67
340.74,1733,SEARCH,0,0.0,-1,-1,0,0,0.0,5.51
340.931,1734,SEARCH,0,0.0,-1,-1,0,0,0.0,5.24
341.135,1735,SEARCH,0,0.0,-1,-1,0,0,0.0,4.91
341.328,1736,SEARCH,0,0.0,-1,-1,0,0,0.0,5.19
341.513,1737,SEARCH,0,0.0,-1,-1,0,0,0.0,5.39
341.706,1738,SEARCH,0,0.0,-1,-1,0,0,0.0,5.18
341.888,1739,SEARCH,0,0.0,-1,-1,0,0,0.0,5.51
342.071,1740,SEARCH,0,0.0,-1,-1,0,0,0.0,5.47
342.26,1741,SEARCH,0,0.0,-1,-1,0,0,0.0,5.27
342.478,1742,SEARCH,0,0.0,-1,-1,0,0,0.0,4.6
342.715,1743,SEARCH,0,0.0,-1,-1,0,0,0.0,4.21
342.909,1744,SEARCH,0,0.0,-1,-1,0,0,0.0,5.17
343.139,1745,SEARCH,0,0.0,-1,-1,0,0,0.0,4.34
343.358,1746,SEARCH,0,0.0,-1,-1,0,0,0.0,4.56
343.588,1747,SEARCH,0,0.0,-1,-1,0,0,0.0,4.35
343.822,1748,SEARCH,0,0.0,-1,-1,0,0,0.0,4.28
344.024,1749,SEARCH,0,0.0,-1,-1,0,0,0.0,4.94
344.216,1750,SEARCH,0,0.0,-1,-1,0,0,0.0,5.22
344.411,1751,SEARCH,0,0.0,-1,-1,0,0,0.0,5.12
344.61,1752,SEARCH,0,0.0,-1,-1,0,0,0.0,5.04
344.798,1753,SEARCH,0,0.0,-1,-1,0,0,0.0,5.31
345.001,1754,SEARCH,0,0.0,-1,-1,0,0,0.0,4.93
345.192,1755,SEARCH,0,0.0,-1,-1,0,0,0.0,5.22
345.39,1756,SEARCH,0,0.0,-1,-1,0,0,0.0,5.06
345.581,1757,SEARCH,0,0.0,-1,-1,0,0,0.0,5.25
345.762,1758,SEARCH,0,0.0,-1,-1,0,0,0.0,5.5
345.954,1759,SEARCH,0,0.0,-1,-1,0,0,0.0,5.22
346.14,1760,SEARCH,0,0.0,-1,-1,0,0,0.0,5.39
346.342,1761,SEARCH,0,0.0,-1,-1,0,0,0.0,4.95
346.54,1762,SEARCH,0,0.0,-1,-1,0,0,0.0,5.05
346.722,1763,SEARCH,0,0.0,-1,-1,0,0,0.0,5.5
346.91,1764,SEARCH,0,0.0,-1,-1,0,0,0.0,5.32
347.094,1765,SEARCH,0,0.0,-1,-1,0,0,0.0,5.43
347.295,1766,SEARCH,0,0.0,-1,-1,0,0,0.0,4.98
347.487,1767,SEARCH,0,0.0,-1,-1,0,0,0.0,5.21
347.683,1768,SEARCH,0,0.0,-1,-1,0,0,0.0,5.1
347.873,1769,SEARCH,0,0.0,-1,-1,0,0,0.0,5.26
348.067,1770,SEARCH,0,0.0,-1,-1,0,0,0.0,5.14
348.251,1771,SEARCH,0,0.0,-1,-1,0,0,0.0,5.44
348.445,1772,SEARCH,0,0.0,-1,-1,0,0,0.0,5.16
348.63,1773,SEARCH,0,0.0,-1,-1,0,0,0.0,5.42
348.823,1774,SEARCH,0,0.0,-1,-1,0,0,0.0,5.17
349.015,1775,SEARCH,0,0.0,-1,-1,0,0,0.0,5.21
349.2,1776,SEARCH,0,0.0,-1,-1,0,0,0.0,5.41
349.399,1777,SEARCH,0,0.0,-1,-1,0,0,0.0,5.04
349.585,1778,SEARCH,0,0.0,-1,-1,0,0,0.0,5.38
349.766,1779,SEARCH,0,0.0,-1,-1,0,0,0.0,5.52
349.948,1780,SEARCH,0,0.0,-1,-1,0,0,0.0,5.48
350.131,1781,SEARCH,0,0.0,-1,-1,0,0,0.0,5.48
350.334,1782,SEARCH,0,0.0,-1,-1,0,0,0.0,4.91
350.534,1783,SEARCH,0,0.0,-1,-1,0,0,0.0,5.01
350.745,1784,SEARCH,0,0.0,-1,-1,0,0,0.0,4.74
350.941,1785,SEARCH,0,0.0,-1,-1,0,0,0.0,5.1
351.704,1786,SEARCH,0,0.0,-1,-1,0,0,0.0,1.31
351.912,1787,SEARCH,0,0.0,-1,-1,0,0,0.0,4.81
352.112,1788,SEARCH,0,0.0,-1,-1,0,0,0.0,5.01
352.294,1789,SEARCH,0,0.0,-1,-1,0,0,0.0,5.51
352.486,1790,SEARCH,0,0.0,-1,-1,0,0,0.0,5.21
352.672,1791,SEARCH,0,0.0,-1,-1,0,0,0.0,5.36
352.864,1792,SEARCH,0,0.0,-1,-1,0,0,0.0,5.2
353.038,1793,SEARCH,0,0.0,-1,-1,0,0,0.0,5.74
353.218,1794,SEARCH,0,0.0,-1,-1,0,0,0.0,5.57
353.406,1795,SEARCH,0,0.0,-1,-1,0,0,0.0,5.32
353.587,1796,SEARCH,0,0.0,-1,-1,0,0,0.0,5.54
353.807,1797,SEARCH,0,0.0,-1,-1,0,0,0.0,4.54
353.998,1798,SEARCH,0,0.0,-1,-1,0,0,0.0,5.24
354.196,1799,SEARCH,0,0.0,-1,-1,0,0,0.0,5.05
354.39,1800,SEARCH,0,0.0,-1,-1,0,0,0.0,5.15
354.575,1801,SEARCH,0,0.0,-1,-1,0,0,0.0,5.41
354.767,1802,SEARCH,0,0.0,-1,-1,0,0,0.0,5.19
354.957,1803,SEARCH,0,0.0,-1,-1,0,0,0.0,5.28
355.141,1804,SEARCH,0,0.0,-1,-1,0,0,0.0,5.41
355.334,1805,SEARCH,0,0.0,-1,-1,0,0,0.0,5.2
355.521,1806,SEARCH,0,0.0,-1,-1,0,0,0.0,5.34
355.716,1807,SEARCH,0,0.0,-1,-1,0,0,0.0,5.14
355.907,1808,SEARCH,0,0.0,-1,-1,0,0,0.0,5.22
356.089,1809,SEARCH,0,0.0,-1,-1,0,0,0.0,5.51
356.281,1810,SEARCH,0,0.0,-1,-1,0,0,0.0,5.2
356.475,1811,SEARCH,0,0.0,-1,-1,0,0,0.0,5.16
356.658,1812,SEARCH,0,0.0,-1,-1,0,0,0.0,5.45
356.85,1813,SEARCH,0,0.0,-1,-1,0,0,0.0,5.22
357.038,1814,SEARCH,0,0.0,-1,-1,0,0,0.0,5.33
357.237,1815,SEARCH,0,0.0,-1,-1,0,0,0.0,5.03
357.432,1816,SEARCH,0,0.0,-1,-1,0,0,0.0,5.13
357.611,1817,SEARCH,0,0.0,-1,-1,0,0,0.0,5.59
357.804,1818,SEARCH,0,0.0,-1,-1,0,0,0.0,5.18
357.999,1819,SEARCH,0,0.0,-1,-1,0,0,0.0,5.11
358.19,1820,SEARCH,0,0.0,-1,-1,0,0,0.0,5.24
358.39,1821,SEARCH,0,0.0,-1,-1,0,0,0.0,5.01
358.573,1822,SEARCH,0,0.0,-1,-1,0,0,0.0,5.47
358.765,1823,SEARCH,0,0.0,-1,-1,0,0,0.0,5.19
358.975,1824,SEARCH,0,0.0,-1,-1,0,0,0.0,4.78
359.182,1825,SEARCH,0,0.0,-1,-1,0,0,0.0,4.81
359.37,1826,SEARCH,0,0.0,-1,-1,0,0,0.0,5.33
359.589,1827,SEARCH,0,0.0,-1,-1,0,0,0.0,4.57
359.78,1828,SEARCH,0,0.0,-1,-1,0,0,0.0,5.25
359.97,1829,SEARCH,0,0.0,-1,-1,0,0,0.0,5.26
360.223,1830,SEARCH,0,0.0,-1,-1,0,0,0.0,3.94
360.444,1831,SEARCH,0,0.0,-1,-1,0,0,0.0,4.53
360.636,1832,SEARCH,0,0.0,-1,-1,0,0,0.0,5.2
360.821,1833,SEARCH,0,0.0,-1,-1,0,0,0.0,5.41
361.001,1834,SEARCH,0,0.0,-1,-1,0,0,0.0,5.54
361.184,1835,SEARCH,0,0.0,-1,-1,0,0,0.0,5.48
361.384,1836,SEARCH,0,0.0,-1,-1,0,0,0.0,5.0
361.573,1837,SEARCH,0,0.0,-1,-1,0,0,0.0,5.27
361.763,1838,SEARCH,0,0.0,-1,-1,0,0,0.0,5.29
361.953,1839,SEARCH,0,0.0,-1,-1,0,0,0.0,5.24
362.162,1840,SEARCH,0,0.0,-1,-1,0,0,0.0,4.8
362.356,1841,SEARCH,0,0.0,-1,-1,0,0,0.0,5.16
362.545,1842,SEARCH,0,0.0,-1,-1,0,0,0.0,5.29
362.734,1843,SEARCH,0,0.0,-1,-1,0,0,0.0,5.29
362.919,1844,SEARCH,0,0.0,-1,-1,0,0,0.0,5.41
363.094,1845,SEARCH,0,0.0,-1,-1,0,0,0.0,5.7
363.293,1846,SEARCH,0,0.0,-1,-1,0,0,0.0,5.03
363.489,1847,SEARCH,0,0.0,-1,-1,0,0,0.0,5.09
363.684,1848,SEARCH,0,0.0,-1,-1,0,0,0.0,5.12
363.877,1849,SEARCH,0,0.0,-1,-1,0,0,0.0,5.19
364.063,1850,SEARCH,0,0.0,-1,-1,0,0,0.0,5.39
364.256,1851,SEARCH,0,0.0,-1,-1,0,0,0.0,5.18
364.447,1852,SEARCH,0,0.0,-1,-1,0,0,0.0,5.22
364.65,1853,SEARCH,0,0.0,-1,-1,0,0,0.0,4.94
364.844,1854,SEARCH,0,0.0,-1,-1,0,0,0.0,5.13
365.03,1855,SEARCH,0,0.0,-1,-1,0,0,0.0,5.39
365.239,1856,SEARCH,0,0.0,-1,-1,0,0,0.0,4.79
365.437,1857,SEARCH,0,0.0,-1,-1,0,0,0.0,5.06
365.634,1858,SEARCH,0,0.0,-1,-1,0,0,0.0,5.07
365.816,1859,SEARCH,0,0.0,-1,-1,0,0,0.0,5.48
365.998,1860,SEARCH,0,0.0,-1,-1,0,0,0.0,5.52
366.195,1861,SEARCH,0,0.0,-1,-1,0,0,0.0,5.07
366.379,1862,SEARCH,0,0.0,-1,-1,0,0,0.0,5.43
366.575,1863,SEARCH,0,0.0,-1,-1,0,0,0.0,5.1
366.794,1864,SEARCH,0,0.0,-1,-1,0,0,0.0,4.56
367.027,1865,SEARCH,0,0.0,-1,-1,0,0,0.0,4.3
367.231,1866,SEARCH,0,0.0,-1,-1,0,0,0.0,4.89
367.428,1867,SEARCH,0,0.0,-1,-1,0,0,0.0,5.08
367.655,1868,SEARCH,0,0.0,-1,-1,0,0,0.0,4.41
367.848,1869,SEARCH,0,0.0,-1,-1,0,0,0.0,5.17
368.088,1870,SEARCH,0,0.0,-1,-1,0,0,0.0,4.16
368.281,1871,SEARCH,0,0.0,-1,-1,0,0,0.0,5.19
368.507,1872,SEARCH,0,0.0,-1,-1,0,0,0.0,4.44
368.733,1873,SEARCH,0,0.0,-1,-1,0,0,0.0,4.41
369.002,1874,SEARCH,0,0.0,-1,-1,0,0,0.0,3.72
369.197,1875,SEARCH,0,0.0,-1,-1,0,0,0.0,5.13
369.398,1876,SEARCH,0,0.0,-1,-1,0,0,0.0,4.96
369.59,1877,SEARCH,0,0.0,-1,-1,0,0,0.0,5.22
369.77,1878,SEARCH,0,0.0,-1,-1,0,0,0.0,5.55
369.98,1879,SEARCH,0,0.0,-1,-1,0,0,0.0,4.77
370.183,1880,SEARCH,0,0.0,-1,-1,0,0,0.0,4.92
370.367,1881,SEARCH,0,0.0,-1,-1,0,0,0.0,5.46
370.557,1882,SEARCH,0,0.0,-1,-1,0,0,0.0,5.26
370.772,1883,SEARCH,0,0.0,-1,-1,0,0,0.0,4.64
371.002,1884,SEARCH,0,0.0,-1,-1,0,0,0.0,4.34
371.2,1885,SEARCH,0,0.0,-1,-1,0,0,0.0,5.06
371.398,1886,SEARCH,0,0.0,-1,-1,0,0,0.0,5.05
371.607,1887,SEARCH,0,0.0,-1,-1,0,0,0.0,4.79
371.79,1888,SEARCH,0,0.0,-1,-1,0,0,0.0,5.45
371.975,1889,SEARCH,0,0.0,-1,-1,0,0,0.0,5.43
372.157,1890,SEARCH,0,0.0,-1,-1,0,0,0.0,5.48
372.336,1891,SEARCH,0,0.0,-1,-1,0,0,0.0,5.59
372.516,1892,SEARCH,0,0.0,-1,-1,0,0,0.0,5.57
372.694,1893,SEARCH,0,0.0,-1,-1,0,0,0.0,5.61
372.876,1894,SEARCH,0,0.0,-1,-1,0,0,0.0,5.5
373.051,1895,SEARCH,0,0.0,-1,-1,0,0,0.0,5.71
373.234,1896,SEARCH,0,0.0,-1,-1,0,0,0.0,5.46
373.422,1897,SEARCH,0,0.0,-1,-1,0,0,0.0,5.32
373.611,1898,SEARCH,0,0.0,-1,-1,0,0,0.0,5.29
373.787,1899,SEARCH,0,0.0,-1,-1,0,0,0.0,5.67
373.968,1900,SEARCH,0,0.0,-1,-1,0,0,0.0,5.54
374.155,1901,SEARCH,0,0.0,-1,-1,0,0,0.0,5.34
374.396,1902,SEARCH,0,0.0,-1,-1,0,0,0.0,4.14
374.601,1903,SEARCH,0,0.0,-1,-1,0,0,0.0,4.89
374.796,1904,SEARCH,0,0.0,-1,-1,0,0,0.0,5.13
374.976,1905,SEARCH,0,0.0,-1,-1,0,0,0.0,5.54
375.162,1906,SEARCH,0,0.0,-1,-1,0,0,0.0,5.4
375.351,1907,SEARCH,0,0.0,-1,-1,0,0,0.0,5.29
375.535,1908,SEARCH,0,0.0,-1,-1,0,0,0.0,5.44
375.715,1909,SEARCH,0,0.0,-1,-1,0,0,0.0,5.54
375.907,1910,SEARCH,0,0.0,-1,-1,0,0,0.0,5.23
376.091,1911,SEARCH,0,0.0,-1,-1,0,0,0.0,5.42
376.273,1912,SEARCH,0,0.0,-1,-1,0,0,0.0,5.5
376.462,1913,SEARCH,0,0.0,-1,-1,0,0,0.0,5.3
376.65,1914,SEARCH,0,0.0,-1,-1,0,0,0.0,5.3
376.834,1915,SEARCH,0,0.0,-1,-1,0,0,0.0,5.46
377.021,1916,SEARCH,0,0.0,-1,-1,0,0,0.0,5.35
377.25,1917,SEARCH,0,0.0,-1,-1,0,0,0.0,4.37
377.461,1918,SEARCH,0,0.0,-1,-1,0,0,0.0,4.74
378.022,1919,SEARCH,0,0.0,-1,-1,0,0,0.0,1.78
378.2,1920,SEARCH,0,0.0,-1,-1,0,0,0.0,5.61
378.388,1921,SEARCH,0,0.0,-1,-1,0,0,0.0,5.33
378.571,1922,SEARCH,0,0.0,-1,-1,0,0,0.0,5.48
378.744,1923,SEARCH,0,0.0,-1,-1,0,0,0.0,5.76
378.921,1924,SEARCH,0,0.0,-1,-1,0,0,0.0,5.64
379.102,1925,SEARCH,0,0.0,-1,-1,0,0,0.0,5.55
379.281,1926,SEARCH,0,0.0,-1,-1,0,0,0.0,5.57
379.477,1927,SEARCH,0,0.0,-1,-1,0,0,0.0,5.11
379.679,1928,SEARCH,0,0.0,-1,-1,0,0,0.0,4.95
379.871,1929,SEARCH,0,0.0,-1,-1,0,0,0.0,5.2
380.053,1930,SEARCH,0,0.0,-1,-1,0,0,0.0,5.5
380.233,1931,SEARCH,0,0.0,-1,-1,0,0,0.0,5.57
380.429,1932,SEARCH,0,0.0,-1,-1,0,0,0.0,5.1
380.616,1933,SEARCH,0,0.0,-1,-1,0,0,0.0,5.36
380.827,1934,SEARCH,0,0.0,-1,-1,0,0,0.0,4.73
381.021,1935,SEARCH,0,0.0,-1,-1,0,0,0.0,5.15
381.652,1936,SEARCH,0,0.0,-1,-1,0,0,0.0,1.59
381.836,1937,SEARCH,0,0.0,-1,-1,0,0,0.0,5.43
382.027,1938,SEARCH,0,0.0,-1,-1,0,0,0.0,5.23
382.21,1939,SEARCH,0,0.0,-1,-1,0,0,0.0,5.46
382.398,1940,SEARCH,0,0.0,-1,-1,0,0,0.0,5.34
382.585,1941,SEARCH,0,0.0,-1,-1,0,0,0.0,5.35
383.216,1942,SEARCH,0,0.0,-1,-1,0,0,0.0,1.58
383.392,1943,SEARCH,0,0.0,-1,-1,0,0,0.0,5.68
383.583,1944,SEARCH,0,0.0,-1,-1,0,0,0.0,5.26
383.762,1945,SEARCH,0,0.0,-1,-1,0,0,0.0,5.57
383.954,1946,SEARCH,0,0.0,-1,-1,0,0,0.0,5.22
384.136,1947,SEARCH,0,0.0,-1,-1,0,0,0.0,5.48
384.315,1948,SEARCH,0,0.0,-1,-1,0,0,0.0,5.59
384.501,1949,SEARCH,0,0.0,-1,-1,0,0,0.0,5.38
384.683,1950,SEARCH,0,0.0,-1,-1,0,0,0.0,5.48
384.856,1951,SEARCH,0,0.0,-1,-1,0,0,0.0,5.81
385.036,1952,SEARCH,0,0.0,-1,-1,0,0,0.0,5.54
385.23,1953,SEARCH,0,0.0,-1,-1,0,0,0.0,5.17
385.411,1954,SEARCH,0,0.0,-1,-1,0,0,0.0,5.53
385.6,1955,SEARCH,0,0.0,-1,-1,0,0,0.0,5.27
385.844,1956,SEARCH,0,0.0,-1,-1,0,0,0.0,4.09
386.041,1957,SEARCH,0,0.0,-1,-1,0,0,0.0,5.08
386.236,1958,SEARCH,0,0.0,-1,-1,0,0,0.0,5.14
386.422,1959,SEARCH,0,0.0,-1,-1,0,0,0.0,5.38
386.623,1960,SEARCH,0,0.0,-1,-1,0,0,0.0,4.98
386.804,1961,SEARCH,0,0.0,-1,-1,0,0,0.0,5.51
386.986,1962,SEARCH,0,0.0,-1,-1,0,0,0.0,5.49
387.164,1963,SEARCH,0,0.0,-1,-1,0,0,0.0,5.61
387.361,1964,SEARCH,0,0.0,-1,-1,0,0,0.0,5.1
387.552,1965,SEARCH,0,0.0,-1,-1,0,0,0.0,5.23
387.737,1966,SEARCH,0,0.0,-1,-1,0,0,0.0,5.41
387.912,1967,SEARCH,0,0.0,-1,-1,0,0,0.0,5.7
388.101,1968,SEARCH,0,0.0,-1,-1,0,0,0.0,5.29
388.282,1969,SEARCH,0,0.0,-1,-1,0,0,0.0,5.55
388.474,1970,SEARCH,0,0.0,-1,-1,0,0,0.0,5.2
388.665,1971,SEARCH,0,0.0,-1,-1,0,0,0.0,5.22
388.858,1972,SEARCH,0,0.0,-1,-1,0,0,0.0,5.19
389.035,1973,SEARCH,0,0.0,-1,-1,0,0,0.0,5.64
389.223,1974,SEARCH,0,0.0,-1,-1,0,0,0.0,5.32
389.401,1975,SEARCH,0,0.0,-1,-1,0,0,0.0,5.62
389.587,1976,SEARCH,0,0.0,-1,-1,0,0,0.0,5.4
389.775,1977,SEARCH,0,0.0,-1,-1,0,0,0.0,5.31
389.978,1978,SEARCH,0,0.0,-1,-1,0,0,0.0,4.92
390.158,1979,SEARCH,0,0.0,-1,-1,0,0,0.0,5.58
390.333,1980,SEARCH,0,0.0,-1,-1,0,0,0.0,5.7
390.515,1981,SEARCH,0,0.0,-1,-1,0,0,0.0,5.49
390.707,1982,SEARCH,0,0.0,-1,-1,0,0,0.0,5.21
390.881,1983,SEARCH,0,0.0,-1,-1,0,0,0.0,5.74
391.064,1984,SEARCH,0,0.0,-1,-1,0,0,0.0,5.48
391.245,1985,SEARCH,0,0.0,-1,-1,0,0,0.0,5.52
391.43,1986,SEARCH,0,0.0,-1,-1,0,0,0.0,5.41
391.612,1987,SEARCH,0,0.0,-1,-1,0,0,0.0,5.49
391.804,1988,SEARCH,0,0.0,-1,-1,0,0,0.0,5.2
391.982,1989,SEARCH,0,0.0,-1,-1,0,0,0.0,5.62
392.179,1990,SEARCH,0,0.0,-1,-1,0,0,0.0,5.08
392.365,1991,SEARCH,0,0.0,-1,-1,0,0,0.0,5.38
392.547,1992,SEARCH,0,0.0,-1,-1,0,0,0.0,5.5
392.735,1993,SEARCH,0,0.0,-1,-1,0,0,0.0,5.31
392.908,1994,SEARCH,0,0.0,-1,-1,0,0,0.0,5.78
393.102,1995,SEARCH,0,0.0,-1,-1,0,0,0.0,5.15
393.29,1996,SEARCH,0,0.0,-1,-1,0,0,0.0,5.33
393.472,1997,SEARCH,0,0.0,-1,-1,0,0,0.0,5.48
393.656,1998,SEARCH,0,0.0,-1,-1,0,0,0.0,5.43
393.851,1999,SEARCH,0,0.0,-1,-1,0,0,0.0,5.15
394.035,2000,SEARCH,0,0.0,-1,-1,0,0,0.0,5.42
394.23,2001,SEARCH,0,0.0,-1,-1,0,0,0.0,5.14
394.472,2002,SEARCH,0,0.0,-1,-1,0,0,0.0,4.13
394.678,2003,SEARCH,0,0.0,-1,-1,0,0,0.0,4.86
394.865,2004,SEARCH,0,0.0,-1,-1,0,0,0.0,5.34
395.061,2005,SEARCH,0,0.0,-1,-1,0,0,0.0,5.11
395.258,2006,SEARCH,0,0.0,-1,-1,0,0,0.0,5.06
395.447,2007,SEARCH,0,0.0,-1,-1,0,0,0.0,5.29
395.657,2008,SEARCH,0,0.0,-1,-1,0,0,0.0,4.76
395.848,2009,SEARCH,0,0.0,-1,-1,0,0,0.0,5.25
396.037,2010,SEARCH,0,0.0,-1,-1,0,0,0.0,5.29
396.233,2011,SEARCH,0,0.0,-1,-1,0,0,0.0,5.1
396.422,2012,SEARCH,0,0.0,-1,-1,0,0,0.0,5.28
396.612,2013,SEARCH,0,0.0,-1,-1,0,0,0.0,5.28
396.794,2014,SEARCH,0,0.0,-1,-1,0,0,0.0,5.49
396.972,2015,SEARCH,0,0.0,-1,-1,0,0,0.0,5.62
397.157,2016,SEARCH,0,0.0,-1,-1,0,0,0.0,5.4
397.337,2017,SEARCH,0,0.0,-1,-1,0,0,0.0,5.54
397.521,2018,SEARCH,0,0.0,-1,-1,0,0,0.0,5.45
397.701,2019,SEARCH,0,0.0,-1,-1,0,0,0.0,5.55
397.899,2020,SEARCH,0,0.0,-1,-1,0,0,0.0,5.03
398.074,2021,SEARCH,0,0.0,-1,-1,0,0,0.0,5.73
398.274,2022,SEARCH,0,0.0,-1,-1,0,0,0.0,5.02
398.469,2023,SEARCH,0,0.0,-1,-1,0,0,0.0,5.12
398.658,2024,SEARCH,0,0.0,-1,-1,0,0,0.0,5.28
398.841,2025,SEARCH,0,0.0,-1,-1,0,0,0.0,5.46
399.03,2026,SEARCH,0,0.0,-1,-1,0,0,0.0,5.32
399.217,2027,SEARCH,0,0.0,-1,-1,0,0,0.0,5.34
399.404,2028,SEARCH,0,0.0,-1,-1,0,0,0.0,5.35
399.586,2029,SEARCH,0,0.0,-1,-1,0,0,0.0,5.49
399.759,2030,SEARCH,0,0.0,-1,-1,0,0,0.0,5.77
399.949,2031,SEARCH,0,0.0,-1,-1,0,0,0.0,5.26
400.176,2032,SEARCH,0,0.0,-1,-1,0,0,0.0,4.42
400.36,2033,SEARCH,0,0.0,-1,-1,0,0,0.0,5.41
400.549,2034,SEARCH,0,0.0,-1,-1,0,0,0.0,5.29
400.732,2035,SEARCH,0,0.0,-1,-1,0,0,0.0,5.48
400.911,2036,SEARCH,0,0.0,-1,-1,0,0,0.0,5.56
401.109,2037,SEARCH,0,0.0,-1,-1,0,0,0.0,5.07
401.286,2038,SEARCH,0,0.0,-1,-1,0,0,0.0,5.63
401.469,2039,SEARCH,0,0.0,-1,-1,0,0,0.0,5.46
401.644,2040,SEARCH,0,0.0,-1,-1,0,0,0.0,5.71
401.816,2041,SEARCH,0,0.0,-1,-1,0,0,0.0,5.82
401.997,2042,SEARCH,0,0.0,-1,-1,0,0,0.0,5.53
402.172,2043,SEARCH,0,0.0,-1,-1,0,0,0.0,5.7
402.354,2044,SEARCH,0,0.0,-1,-1,0,0,0.0,5.5
402.538,2045,SEARCH,0,0.0,-1,-1,0,0,0.0,5.45
402.719,2046,SEARCH,0,0.0,-1,-1,0,0,0.0,5.53
402.967,2047,SEARCH,0,0.0,-1,-1,0,0,0.0,4.03
403.168,2048,SEARCH,0,0.0,-1,-1,0,0,0.0,4.96
403.352,2049,SEARCH,0,0.0,-1,-1,0,0,0.0,5.43
403.546,2050,SEARCH,0,0.0,-1,-1,0,0,0.0,5.16
403.729,2051,SEARCH,0,0.0,-1,-1,0,0,0.0,5.48
403.921,2052,SEARCH,0,0.0,-1,-1,0,0,0.0,5.22
404.109,2053,SEARCH,0,0.0,-1,-1,0,0,0.0,5.32
404.287,2054,SEARCH,0,0.0,-1,-1,0,0,0.0,5.62
404.496,2055,SEARCH,0,0.0,-1,-1,0,0,0.0,4.78
404.689,2056,SEARCH,0,0.0,-1,-1,0,0,0.0,5.18
404.882,2057,SEARCH,0,0.0,-1,-1,0,0,0.0,5.18
405.072,2058,SEARCH,0,0.0,-1,-1,0,0,0.0,5.27
405.276,2059,SEARCH,0,0.0,-1,-1,0,0,0.0,4.9
405.475,2060,SEARCH,0,0.0,-1,-1,0,0,0.0,5.02
405.667,2061,SEARCH,0,0.0,-1,-1,0,0,0.0,5.2
405.849,2062,SEARCH,0,0.0,-1,-1,0,0,0.0,5.5
406.035,2063,SEARCH,0,0.0,-1,-1,0,0,0.0,5.4
406.216,2064,SEARCH,0,0.0,-1,-1,0,0,0.0,5.52
406.398,2065,SEARCH,0,0.0,-1,-1,0,0,0.0,5.49
406.579,2066,SEARCH,0,0.0,-1,-1,0,0,0.0,5.53
406.766,2067,SEARCH,0,0.0,-1,-1,0,0,0.0,5.33
406.947,2068,SEARCH,0,0.0,-1,-1,0,0,0.0,5.53
407.131,2069,SEARCH,0,0.0,-1,-1,0,0,0.0,5.44
407.321,2070,SEARCH,0,0.0,-1,-1,0,0,0.0,5.27
407.504,2071,SEARCH,0,0.0,-1,-1,0,0,0.0,5.46
407.686,2072,SEARCH,0,0.0,-1,-1,0,0,0.0,5.49
407.868,2073,SEARCH,0,0.0,-1,-1,0,0,0.0,5.5
408.053,2074,SEARCH,0,0.0,-1,-1,0,0,0.0,5.4
408.241,2075,SEARCH,0,0.0,-1,-1,0,0,0.0,5.32
408.418,2076,SEARCH,0,0.0,-1,-1,0,0,0.0,5.66
408.606,2077,SEARCH,0,0.0,-1,-1,0,0,0.0,5.32
408.794,2078,SEARCH,0,0.0,-1,-1,0,0,0.0,5.34
408.969,2079,SEARCH,0,0.0,-1,-1,0,0,0.0,5.71
409.155,2080,SEARCH,0,0.0,-1,-1,0,0,0.0,5.37
409.337,2081,SEARCH,0,0.0,-1,-1,0,0,0.0,5.49
409.517,2082,SEARCH,0,0.0,-1,-1,0,0,0.0,5.57
409.7,2083,SEARCH,0,0.0,-1,-1,0,0,0.0,5.45
409.888,2084,SEARCH,0,0.0,-1,-1,0,0,0.0,5.32
410.07,2085,SEARCH,0,0.0,-1,-1,0,0,0.0,5.49
410.248,2086,SEARCH,0,0.0,-1,-1,0,0,0.0,5.6
410.432,2087,SEARCH,0,0.0,-1,-1,0,0,0.0,5.46
410.617,2088,SEARCH,0,0.0,-1,-1,0,0,0.0,5.39
410.798,2089,SEARCH,0,0.0,-1,-1,0,0,0.0,5.52
410.98,2090,SEARCH,0,0.0,-1,-1,0,0,0.0,5.5
411.17,2091,SEARCH,0,0.0,-1,-1,0,0,0.0,5.25
411.402,2092,SEARCH,0,0.0,-1,-1,0,0,0.0,4.32
411.602,2093,SEARCH,0,0.0,-1,-1,0,0,0.0,5.0
411.798,2094,SEARCH,0,0.0,-1,-1,0,0,0.0,5.11
411.983,2095,SEARCH,0,0.0,-1,-1,0,0,0.0,5.39
412.156,2096,SEARCH,0,0.0,-1,-1,0,0,0.0,5.77
412.343,2097,SEARCH,0,0.0,-1,-1,0,0,0.0,5.36
412.525,2098,SEARCH,0,0.0,-1,-1,0,0,0.0,5.48
412.706,2099,SEARCH,0,0.0,-1,-1,0,0,0.0,5.52
412.889,2100,SEARCH,0,0.0,-1,-1,0,0,0.0,5.47
413.628,2101,SEARCH,0,0.0,-1,-1,0,0,0.0,1.35
413.803,2102,SEARCH,0,0.0,-1,-1,0,0,0.0,5.7
413.982,2103,SEARCH,0,0.0,-1,-1,0,0,0.0,5.6
414.171,2104,SEARCH,0,0.0,-1,-1,0,0,0.0,5.28
414.361,2105,SEARCH,0,0.0,-1,-1,0,0,0.0,5.28
414.543,2106,SEARCH,0,0.0,-1,-1,0,0,0.0,5.5
414.728,2107,SEARCH,0,0.0,-1,-1,0,0,0.0,5.4
414.912,2108,SEARCH,0,0.0,-1,-1,0,0,0.0,5.43
415.089,2109,SEARCH,0,0.0,-1,-1,0,0,0.0,5.63
415.286,2110,SEARCH,0,0.0,-1,-1,0,0,0.0,5.08
415.475,2111,SEARCH,0,0.0,-1,-1,0,0,0.0,5.29
415.672,2112,SEARCH,0,0.0,-1,-1,0,0,0.0,5.07
415.853,2113,SEARCH,0,0.0,-1,-1,0,0,0.0,5.53
416.033,2114,SEARCH,0,0.0,-1,-1,0,0,0.0,5.57
416.215,2115,SEARCH,0,0.0,-1,-1,0,0,0.0,5.49
416.395,2116,SEARCH,0,0.0,-1,-1,0,0,0.0,5.57
416.562,2117,SEARCH,0,0.0,-1,-1,0,0,0.0,5.96
416.753,2118,SEARCH,0,0.0,-1,-1,0,0,0.0,5.26
416.928,2119,SEARCH,0,0.0,-1,-1,0,0,0.0,5.7
417.149,2120,SEARCH,0,0.0,-1,-1,0,0,0.0,4.53
417.372,2121,SEARCH,0,0.0,-1,-1,0,0,0.0,4.48
417.597,2122,SEARCH,0,0.0,-1,-1,0,0,0.0,4.45
417.788,2123,SEARCH,0,0.0,-1,-1,0,0,0.0,5.23
417.967,2124,SEARCH,0,0.0,-1,-1,0,0,0.0,5.59
418.162,2125,SEARCH,0,0.0,-1,-1,0,0,0.0,5.13
418.356,2126,SEARCH,0,0.0,-1,-1,0,0,0.0,5.15
418.537,2127,SEARCH,0,0.0,-1,-1,0,0,0.0,5.52
418.718,2128,SEARCH,0,0.0,-1,-1,0,0,0.0,5.53
418.902,2129,SEARCH,0,0.0,-1,-1,0,0,0.0,5.44
419.081,2130,SEARCH,0,0.0,-1,-1,0,0,0.0,5.57
419.273,2131,SEARCH,0,0.0,-1,-1,0,0,0.0,5.21
419.466,2132,SEARCH,0,0.0,-1,-1,0,0,0.0,5.17
419.644,2133,SEARCH,0,0.0,-1,-1,0,0,0.0,5.62
419.83,2134,SEARCH,0,0.0,-1,-1,0,0,0.0,5.39
420.064,2135,SEARCH,0,0.0,-1,-1,0,0,0.0,4.27
420.263,2136,SEARCH,0,0.0,-1,-1,0,0,0.0,5.01
420.453,2137,SEARCH,0,0.0,-1,-1,0,0,0.0,5.26
420.628,2138,SEARCH,0,0.0,-1,-1,0,0,0.0,5.74
420.814,2139,SEARCH,0,0.0,-1,-1,0,0,0.0,5.37
421.007,2140,SEARCH,0,0.0,-1,-1,0,0,0.0,5.19
421.189,2141,SEARCH,0,0.0,-1,-1,0,0,0.0,5.49
421.38,2142,SEARCH,0,0.0,-1,-1,0,0,0.0,5.24
421.555,2143,SEARCH,0,0.0,-1,-1,0,0,0.0,5.71
421.741,2144,SEARCH,0,0.0,-1,-1,0,0,0.0,5.36
421.93,2145,SEARCH,0,0.0,-1,-1,0,0,0.0,5.3
422.107,2146,SEARCH,0,0.0,-1,-1,0,0,0.0,5.64
422.312,2147,SEARCH,0,0.0,-1,-1,0,0,0.0,4.89
422.508,2148,SEARCH,0,0.0,-1,-1,0,0,0.0,5.1
422.69,2149,SEARCH,0,0.0,-1,-1,0,0,0.0,5.48
422.875,2150,SEARCH,0,0.0,-1,-1,0,0,0.0,5.43
423.053,2151,SEARCH,0,0.0,-1,-1,0,0,0.0,5.62
423.239,2152,SEARCH,0,0.0,-1,-1,0,0,0.0,5.38
423.427,2153,SEARCH,0,0.0,-1,-1,0,0,0.0,5.3
423.62,2154,SEARCH,0,0.0,-1,-1,0,0,0.0,5.2
423.801,2155,SEARCH,0,0.0,-1,-1,0,0,0.0,5.52
423.99,2156,SEARCH,0,0.0,-1,-1,0,0,0.0,5.29
424.167,2157,SEARCH,0,0.0,-1,-1,0,0,0.0,5.65
424.357,2158,SEARCH,0,0.0,-1,-1,0,0,0.0,5.27
424.544,2159,SEARCH,0,0.0,-1,-1,0,0,0.0,5.35
424.727,2160,SEARCH,0,0.0,-1,-1,0,0,0.0,5.46
424.911,2161,SEARCH,0,0.0,-1,-1,0,0,0.0,5.44
425.098,2162,SEARCH,0,0.0,-1,-1,0,0,0.0,5.34
425.313,2163,SEARCH,0,0.0,-1,-1,0,0,0.0,4.64
425.511,2164,SEARCH,0,0.0,-1,-1,0,0,0.0,5.07
425.696,2165,SEARCH,0,0.0,-1,-1,0,0,0.0,5.42
425.882,2166,SEARCH,0,0.0,-1,-1,0,0,0.0,5.36
426.066,2167,SEARCH,0,0.0,-1,-1,0,0,0.0,5.43
426.252,2168,SEARCH,0,0.0,-1,-1,0,0,0.0,5.38
426.428,2169,SEARCH,0,0.0,-1,-1,0,0,0.0,5.69
426.616,2170,SEARCH,0,0.0,-1,-1,0,0,0.0,5.31
426.804,2171,SEARCH,0,0.0,-1,-1,0,0,0.0,5.31
426.99,2172,SEARCH,0,0.0,-1,-1,0,0,0.0,5.38
427.173,2173,SEARCH,0,0.0,-1,-1,0,0,0.0,5.45
427.363,2174,SEARCH,0,0.0,-1,-1,0,0,0.0,5.29
428.058,2175,SEARCH,0,0.0,-1,-1,0,0,0.0,1.44
428.237,2176,SEARCH,0,0.0,-1,-1,0,0,0.0,5.59
428.471,2177,SEARCH,0,0.0,-1,-1,0,0,0.0,4.27
428.684,2178,SEARCH,0,0.0,-1,-1,0,0,0.0,4.69
428.876,2179,SEARCH,0,0.0,-1,-1,0,0,0.0,5.21
429.057,2180,SEARCH,0,0.0,-1,-1,0,0,0.0,5.53
429.242,2181,SEARCH,0,0.0,-1,-1,0,0,0.0,5.4
429.432,2182,SEARCH,0,0.0,-1,-1,0,0,0.0,5.26
429.625,2183,SEARCH,0,0.0,-1,-1,0,0,0.0,5.17
429.811,2184,SEARCH,0,0.0,-1,-1,0,0,0.0,5.38
429.994,2185,SEARCH,0,0.0,-1,-1,0,0,0.0,5.48
430.168,2186,SEARCH,0,0.0,-1,-1,0,0,0.0,5.75
430.349,2187,SEARCH,0,0.0,-1,-1,0,0,0.0,5.52
430.531,2188,SEARCH,0,0.0,-1,-1,0,0,0.0,5.48
431.145,2189,SEARCH,0,0.0,-1,-1,0,0,0.0,1.63
431.344,2190,SEARCH,0,0.0,-1,-1,0,0,0.0,5.02
431.532,2191,SEARCH,0,0.0,-1,-1,0,0,0.0,5.34
431.724,2192,SEARCH,0,0.0,-1,-1,0,0,0.0,5.2
431.913,2193,SEARCH,0,0.0,-1,-1,0,0,0.0,5.29
432.108,2194,SEARCH,0,0.0,-1,-1,0,0,0.0,5.13
432.328,2195,SEARCH,0,0.0,-1,-1,0,0,0.0,4.55
432.543,2196,SEARCH,0,0.0,-1,-1,0,0,0.0,4.65
432.732,2197,SEARCH,0,0.0,-1,-1,0,0,0.0,5.3
432.954,2198,SEARCH,0,0.0,-1,-1,0,0,0.0,4.5
433.154,2199,SEARCH,0,0.0,-1,-1,0,0,0.0,4.99
433.355,2200,SEARCH,0,0.0,-1,-1,0,0,0.0,4.98
433.549,2201,SEARCH,0,0.0,-1,-1,0,0,0.0,5.16
433.761,2202,SEARCH,0,0.0,-1,-1,0,0,0.0,4.7
433.953,2203,SEARCH,0,0.0,-1,-1,0,0,0.0,5.21
434.164,2204,SEARCH,0,0.0,-1,-1,0,0,0.0,4.76
434.407,2205,SEARCH,0,0.0,-1,-1,0,0,0.0,4.11
434.654,2206,SEARCH,0,0.0,-1,-1,0,0,0.0,4.05
434.849,2207,SEARCH,0,0.0,-1,-1,0,0,0.0,5.12
435.036,2208,SEARCH,0,0.0,-1,-1,0,0,0.0,5.35
435.245,2209,SEARCH,0,0.0,-1,-1,0,0,0.0,4.8
435.424,2210,SEARCH,0,0.0,-1,-1,0,0,0.0,5.56
435.626,2211,SEARCH,0,0.0,-1,-1,0,0,0.0,4.97
435.849,2212,SEARCH,0,0.0,-1,-1,0,0,0.0,4.49
436.064,2213,SEARCH,0,0.0,-1,-1,0,0,0.0,4.65
436.267,2214,SEARCH,0,0.0,-1,-1,0,0,0.0,4.91
436.472,2215,SEARCH,0,0.0,-1,-1,0,0,0.0,4.89
436.693,2216,SEARCH,0,0.0,-1,-1,0,0,0.0,4.52
436.892,2217,SEARCH,0,0.0,-1,-1,0,0,0.0,5.02
437.19,2218,SEARCH,0,0.0,-1,-1,0,0,0.0,3.36
437.39,2219,SEARCH,0,0.0,-1,-1,0,0,0.0,5.0
437.575,2220,SEARCH,0,0.0,-1,-1,0,0,0.0,5.39
437.773,2221,SEARCH,0,0.0,-1,-1,0,0,0.0,5.04
438.411,2222,SEARCH,0,0.0,-1,-1,0,0,0.0,1.57
438.582,2223,SEARCH,0,0.0,-1,-1,0,0,0.0,5.83
438.771,2224,SEARCH,0,0.0,-1,-1,0,0,0.0,5.3
438.957,2225,SEARCH,0,0.0,-1,-1,0,0,0.0,5.38
439.135,2226,SEARCH,0,0.0,-1,-1,0,0,0.0,5.63
439.314,2227,SEARCH,0,0.0,-1,-1,0,0,0.0,5.58
439.49,2228,SEARCH,0,0.0,-1,-1,0,0,0.0,5.67
439.672,2229,SEARCH,0,0.0,-1,-1,0,0,0.0,5.5
439.859,2230,SEARCH,0,0.0,-1,-1,0,0,0.0,5.34
440.04,2231,SEARCH,0,0.0,-1,-1,0,0,0.0,5.53
440.23,2232,SEARCH,0,0.0,-1,-1,0,0,0.0,5.26
440.419,2233,SEARCH,0,0.0,-1,-1,0,0,0.0,5.29
440.598,2234,SEARCH,0,0.0,-1,-1,0,0,0.0,5.59
440.779,2235,SEARCH,0,0.0,-1,-1,0,0,0.0,5.52
440.962,2236,SEARCH,0,0.0,-1,-1,0,0,0.0,5.47
441.147,2237,SEARCH,0,0.0,-1,-1,0,0,0.0,5.4
441.328,2238,SEARCH,0,0.0,-1,-1,0,0,0.0,5.54
441.522,2239,SEARCH,0,0.0,-1,-1,0,0,0.0,5.15
441.708,2240,SEARCH,0,0.0,-1,-1,0,0,0.0,5.38
441.9,2241,SEARCH,0,0.0,-1,-1,0,0,0.0,5.22
442.08,2242,SEARCH,0,0.0,-1,-1,0,0,0.0,5.56
442.269,2243,SEARCH,0,0.0,-1,-1,0,0,0.0,5.28
442.447,2244,SEARCH,0,0.0,-1,-1,0,0,0.0,5.6
442.628,2245,SEARCH,0,0.0,-1,-1,0,0,0.0,5.55
442.832,2246,SEARCH,0,0.0,-1,-1,0,0,0.0,4.89
443.029,2247,SEARCH,0,0.0,-1,-1,0,0,0.0,5.08
443.216,2248,SEARCH,0,0.0,-1,-1,0,0,0.0,5.35
443.401,2249,SEARCH,0,0.0,-1,-1,0,0,0.0,5.4
443.596,2250,SEARCH,0,0.0,-1,-1,0,0,0.0,5.15
443.784,2251,SEARCH,0,0.0,-1,-1,0,0,0.0,5.31
443.969,2252,SEARCH,0,0.0,-1,-1,0,0,0.0,5.4
444.151,2253,SEARCH,0,0.0,-1,-1,0,0,0.0,5.51
444.335,2254,SEARCH,0,0.0,-1,-1,0,0,0.0,5.43
444.529,2255,SEARCH,0,0.0,-1,-1,0,0,0.0,5.14
445.192,2256,SEARCH,0,0.0,-1,-1,0,0,0.0,1.51
445.41,2257,SEARCH,0,0.0,-1,-1,0,0,0.0,4.6
445.65,2258,SEARCH,0,0.0,-1,-1,0,0,0.0,4.16
445.855,2259,SEARCH,0,0.0,-1,-1,0,0,0.0,4.88
446.039,2260,SEARCH,0,0.0,-1,-1,0,0,0.0,5.44
446.224,2261,SEARCH,0,0.0,-1,-1,0,0,0.0,5.41
446.416,2262,SEARCH,0,0.0,-1,-1,0,0,0.0,5.21
446.603,2263,SEARCH,0,0.0,-1,-1,0,0,0.0,5.36
446.788,2264,SEARCH,0,0.0,-1,-1,0,0,0.0,5.39
446.971,2265,SEARCH,0,0.0,-1,-1,0,0,0.0,5.47
447.15,2266,SEARCH,0,0.0,-1,-1,0,0,0.0,5.58
447.343,2267,SEARCH,0,0.0,-1,-1,0,0,0.0,5.19
447.522,2268,SEARCH,0,0.0,-1,-1,0,0,0.0,5.59
447.701,2269,SEARCH,0,0.0,-1,-1,0,0,0.0,5.57
447.882,2270,SEARCH,0,0.0,-1,-1,0,0,0.0,5.53
448.058,2271,SEARCH,0,0.0,-1,-1,0,0,0.0,5.7
448.238,2272,SEARCH,0,0.0,-1,-1,0,0,0.0,5.56
448.421,2273,SEARCH,0,0.0,-1,-1,0,0,0.0,5.45
448.6,2274,SEARCH,0,0.0,-1,-1,0,0,0.0,5.59
448.785,2275,SEARCH,0,0.0,-1,-1,0,0,0.0,5.41
448.971,2276,SEARCH,0,0.0,-1,-1,0,0,0.0,5.36
449.162,2277,SEARCH,0,0.0,-1,-1,0,0,0.0,5.25
449.849,2278,SEARCH,0,0.0,-1,-1,0,0,0.0,1.46
450.035,2279,SEARCH,0,0.0,-1,-1,0,0,0.0,5.38
450.235,2280,SEARCH,0,0.0,-1,-1,0,0,0.0,4.99
450.416,2281,SEARCH,0,0.0,-1,-1,0,0,0.0,5.52
450.598,2282,SEARCH,0,0.0,-1,-1,0,0,0.0,5.51
450.787,2283,SEARCH,0,0.0,-1,-1,0,0,0.0,5.3
450.97,2284,SEARCH,0,0.0,-1,-1,0,0,0.0,5.46
451.154,2285,SEARCH,0,0.0,-1,-1,0,0,0.0,5.43
451.338,2286,SEARCH,0,0.0,-1,-1,0,0,0.0,5.44
451.525,2287,SEARCH,0,0.0,-1,-1,0,0,0.0,5.34
451.722,2288,SEARCH,0,0.0,-1,-1,0,0,0.0,5.07
451.91,2289,SEARCH,0,0.0,-1,-1,0,0,0.0,5.3
452.102,2290,SEARCH,0,0.0,-1,-1,0,0,0.0,5.22
452.284,2291,SEARCH,0,0.0,-1,-1,0,0,0.0,5.51
452.47,2292,SEARCH,0,0.0,-1,-1,0,0,0.0,5.35
452.646,2293,SEARCH,0,0.0,-1,-1,0,0,0.0,5.71
452.839,2294,SEARCH,0,0.0,-1,-1,0,0,0.0,5.16
453.017,2295,SEARCH,0,0.0,-1,-1,0,0,0.0,5.63
453.2,2296,SEARCH,0,0.0,-1,-1,0,0,0.0,5.48
453.39,2297,SEARCH,0,0.0,-1,-1,0,0,0.0,5.25
453.575,2298,SEARCH,0,0.0,-1,-1,0,0,0.0,5.41
453.754,2299,SEARCH,0,0.0,-1,-1,0,0,0.0,5.57
453.944,2300,SEARCH,0,0.0,-1,-1,0,0,0.0,5.28
454.184,2301,SEARCH,0,0.0,-1,-1,0,0,0.0,4.16
454.41,2302,SEARCH,0,0.0,-1,-1,0,0,0.0,4.43
454.589,2303,SEARCH,0,0.0,-1,-1,0,0,0.0,5.59
454.771,2304,SEARCH,0,0.0,-1,-1,0,0,0.0,5.51
454.96,2305,SEARCH,0,0.0,-1,-1,0,0,0.0,5.28
455.145,2306,SEARCH,0,0.0,-1,-1,0,0,0.0,5.41
455.346,2307,SEARCH,0,0.0,-1,-1,0,0,0.0,4.97
455.535,2308,SEARCH,0,0.0,-1,-1,0,0,0.0,5.3
455.729,2309,SEARCH,0,0.0,-1,-1,0,0,0.0,5.16
455.929,2310,SEARCH,0,0.0,-1,-1,0,0,0.0,4.99
456.105,2311,SEARCH,0,0.0,-1,-1,0,0,0.0,5.68
456.301,2312,SEARCH,0,0.0,-1,-1,0,0,0.0,5.11
456.491,2313,SEARCH,0,0.0,-1,-1,0,0,0.0,5.25
456.672,2314,SEARCH,0,0.0,-1,-1,0,0,0.0,5.53
456.856,2315,SEARCH,0,0.0,-1,-1,0,0,0.0,5.45
457.043,2316,SEARCH,0,0.0,-1,-1,0,0,0.0,5.33
457.222,2317,SEARCH,0,0.0,-1,-1,0,0,0.0,5.6
457.405,2318,SEARCH,0,0.0,-1,-1,0,0,0.0,5.46
457.596,2319,SEARCH,0,0.0,-1,-1,0,0,0.0,5.22
457.814,2320,SEARCH,0,0.0,-1,-1,0,0,0.0,4.6
458.022,2321,SEARCH,0,0.0,-1,-1,0,0,0.0,4.8
458.225,2322,SEARCH,0,0.0,-1,-1,0,0,0.0,4.91
458.453,2323,SEARCH,0,0.0,-1,-1,0,0,0.0,4.4
458.661,2324,SEARCH,0,0.0,-1,-1,0,0,0.0,4.81
458.864,2325,SEARCH,0,0.0,-1,-1,0,0,0.0,4.92
459.069,2326,SEARCH,0,0.0,-1,-1,0,0,0.0,4.88
459.274,2327,SEARCH,0,0.0,-1,-1,0,0,0.0,4.89
459.487,2328,SEARCH,0,0.0,-1,-1,0,0,0.0,4.69
459.696,2329,SEARCH,0,0.0,-1,-1,0,0,0.0,4.79
459.908,2330,SEARCH,0,0.0,-1,-1,0,0,0.0,4.71
460.108,2331,SEARCH,0,0.0,-1,-1,0,0,0.0,5.01
460.308,2332,SEARCH,0,0.0,-1,-1,0,0,0.0,4.99
460.505,2333,SEARCH,0,0.0,-1,-1,0,0,0.0,5.08
461.297,2334,SEARCH,0,0.0,-1,-1,0,0,0.0,1.26
461.567,2335,SEARCH,0,0.0,-1,-1,0,0,0.0,3.7
461.831,2336,SEARCH,0,0.0,-1,-1,0,0,0.0,3.8
462.102,2337,SEARCH,0,0.0,-1,-1,0,0,0.0,3.69
462.37,2338,SEARCH,0,0.0,-1,-1,0,0,0.0,3.72
462.668,2339,SEARCH,0,0.0,-1,-1,0,0,0.0,3.36
462.943,2340,SEARCH,0,0.0,-1,-1,0,0,0.0,3.64
463.214,2341,SEARCH,0,0.0,-1,-1,0,0,0.0,3.7
463.461,2342,SEARCH,0,0.0,-1,-1,0,0,0.0,4.05
463.672,2343,SEARCH,0,0.0,-1,-1,0,0,0.0,4.72
463.888,2344,SEARCH,0,0.0,-1,-1,0,0,0.0,4.63
464.107,2345,SEARCH,0,0.0,-1,-1,0,0,0.0,4.58
464.323,2346,SEARCH,0,0.0,-1,-1,0,0,0.0,4.63
464.549,2347,SEARCH,0,0.0,-1,-1,0,0,0.0,4.42
464.765,2348,SEARCH,0,0.0,-1,-1,0,0,0.0,4.62
464.986,2349,SEARCH,0,0.0,-1,-1,0,0,0.0,4.52
465.207,2350,SEARCH,0,0.0,-1,-1,0,0,0.0,4.53
465.442,2351,SEARCH,0,0.0,-1,-1,0,0,0.0,4.26
465.661,2352,SEARCH,0,0.0,-1,-1,0,0,0.0,4.56
465.882,2353,SEARCH,0,0.0,-1,-1,0,0,0.0,4.54
466.097,2354,SEARCH,0,0.0,-1,-1,0,0,0.0,4.65
466.316,2355,SEARCH,0,0.0,-1,-1,0,0,0.0,4.56
466.54,2356,SEARCH,0,0.0,-1,-1,0,0,0.0,4.46
466.76,2357,SEARCH,0,0.0,-1,-1,0,0,0.0,4.56
466.982,2358,SEARCH,0,0.0,-1,-1,0,0,0.0,4.49
467.201,2359,SEARCH,0,0.0,-1,-1,0,0,0.0,4.57
467.418,2360,SEARCH,0,0.0,-1,-1,0,0,0.0,4.62
467.636,2361,SEARCH,0,0.0,-1,-1,0,0,0.0,4.58
467.855,2362,SEARCH,0,0.0,-1,-1,0,0,0.0,4.55
468.071,2363,SEARCH,0,0.0,-1,-1,0,0,0.0,4.65
468.293,2364,SEARCH,0,0.0,-1,-1,0,0,0.0,4.5
468.488,2365,SEARCH,0,0.0,-1,-1,0,0,0.0,5.13
468.687,2366,SEARCH,0,0.0,-1,-1,0,0,0.0,5.01
468.883,2367,SEARCH,0,0.0,-1,-1,0,0,0.0,5.11
469.083,2368,SEARCH,0,0.0,-1,-1,0,0,0.0,5.02
469.292,2369,SEARCH,0,0.0,-1,-1,0,0,0.0,4.77
469.493,2370,SEARCH,0,0.0,-1,-1,0,0,0.0,4.99
469.691,2371,SEARCH,0,0.0,-1,-1,0,0,0.0,5.04
469.896,2372,SEARCH,0,0.0,-1,-1,0,0,0.0,4.88
470.082,2373,SEARCH,0,0.0,-1,-1,0,0,0.0,5.39
470.265,2374,SEARCH,0,0.0,-1,-1,0,0,0.0,5.46
470.453,2375,SEARCH,0,0.0,-1,-1,0,0,0.0,5.31
470.644,2376,SEARCH,0,0.0,-1,-1,0,0,0.0,5.25
470.835,2377,SEARCH,0,0.0,-1,-1,0,0,0.0,5.23
471.074,2378,SEARCH,0,0.0,-1,-1,0,0,0.0,4.18
471.28,2379,SEARCH,0,0.0,-1,-1,0,0,0.0,4.86
471.48,2380,SEARCH,0,0.0,-1,-1,0,0,0.0,5.01
471.674,2381,SEARCH,0,0.0,-1,-1,0,0,0.0,5.16
471.851,2382,SEARCH,0,0.0,-1,-1,0,0,0.0,5.66
472.034,2383,SEARCH,0,0.0,-1,-1,0,0,0.0,5.46
472.218,2384,SEARCH,0,0.0,-1,-1,0,0,0.0,5.42
472.4,2385,SEARCH,0,0.0,-1,-1,0,0,0.0,5.51
472.588,2386,SEARCH,0,0.0,-1,-1,0,0,0.0,5.32
472.769,2387,SEARCH,0,0.0,-1,-1,0,0,0.0,5.53
472.947,2388,SEARCH,0,0.0,-1,-1,0,0,0.0,5.63
473.129,2389,SEARCH,0,0.0,-1,-1,0,0,0.0,5.47
473.311,2390,SEARCH,0,0.0,-1,-1,0,0,0.0,5.5
473.498,2391,SEARCH,0,0.0,-1,-1,0,0,0.0,5.36
473.684,2392,SEARCH,0,0.0,-1,-1,0,0,0.0,5.37
473.87,2393,SEARCH,0,0.0,-1,-1,0,0,0.0,5.39
474.047,2394,SEARCH,0,0.0,-1,-1,0,0,0.0,5.64
474.235,2395,SEARCH,0,0.0,-1,-1,0,0,0.0,5.32
474.416,2396,SEARCH,0,0.0,-1,-1,0,0,0.0,5.51
474.6,2397,SEARCH,0,0.0,-1,-1,0,0,0.0,5.44
474.782,2398,SEARCH,0,0.0,-1,-1,0,0,0.0,5.51
474.956,2399,SEARCH,0,0.0,-1,-1,0,0,0.0,5.72
475.146,2400,SEARCH,0,0.0,-1,-1,0,0,0.0,5.27
475.331,2401,SEARCH,0,0.0,-1,-1,0,0,0.0,5.4
475.513,2402,SEARCH,0,0.0,-1,-1,0,0,0.0,5.51
475.692,2403,SEARCH,0,0.0,-1,-1,0,0,0.0,5.59
475.874,2404,SEARCH,0,0.0,-1,-1,0,0,0.0,5.48
476.069,2405,SEARCH,0,0.0,-1,-1,0,0,0.0,5.14
476.254,2406,SEARCH,0,0.0,-1,-1,0,0,0.0,5.41
476.437,2407,SEARCH,0,0.0,-1,-1,0,0,0.0,5.45
476.617,2408,SEARCH,0,0.0,-1,-1,0,0,0.0,5.56
476.8,2409,SEARCH,0,0.0,-1,-1,0,0,0.0,5.48
476.977,2410,SEARCH,0,0.0,-1,-1,0,0,0.0,5.64
477.158,2411,SEARCH,0,0.0,-1,-1,0,0,0.0,5.54
477.341,2412,SEARCH,0,0.0,-1,-1,0,0,0.0,5.46
477.515,2413,SEARCH,0,0.0,-1,-1,0,0,0.0,5.75
477.714,2414,SEARCH,0,0.0,-1,-1,0,0,0.0,5.03
477.899,2415,SEARCH,0,0.0,-1,-1,0,0,0.0,5.4
478.072,2416,SEARCH,0,0.0,-1,-1,0,0,0.0,5.79
478.268,2417,SEARCH,0,0.0,-1,-1,0,0,0.0,5.11
478.45,2418,SEARCH,0,0.0,-1,-1,0,0,0.0,5.5
478.682,2419,SEARCH,0,0.0,-1,-1,0,0,0.0,4.3
478.913,2420,SEARCH,0,0.0,-1,-1,0,0,0.0,4.32
479.089,2421,SEARCH,0,0.0,-1,-1,0,0,0.0,5.68
479.815,2422,SEARCH,0,0.0,-1,-1,0,0,0.0,1.38
480.017,2423,SEARCH,0,0.0,-1,-1,0,0,0.0,4.94
480.205,2424,SEARCH,0,0.0,-1,-1,0,0,0.0,5.34
480.388,2425,SEARCH,0,0.0,-1,-1,0,0,0.0,5.45
480.567,2426,SEARCH,0,0.0,-1,-1,0,0,0.0,5.59
480.759,2427,SEARCH,0,0.0,-1,-1,0,0,0.0,5.22
480.943,2428,SEARCH,0,0.0,-1,-1,0,0,0.0,5.43
481.123,2429,SEARCH,0,0.0,-1,-1,0,0,0.0,5.55
481.306,2430,SEARCH,0,0.0,-1,-1,0,0,0.0,5.48
481.494,2431,SEARCH,0,0.0,-1,-1,0,0,0.0,5.29
481.677,2432,SEARCH,0,0.0,-1,-1,0,0,0.0,5.47
481.858,2433,SEARCH,0,0.0,-1,-1,0,0,0.0,5.53
482.057,2434,SEARCH,0,0.0,-1,-1,0,0,0.0,5.02
482.243,2435,SEARCH,0,0.0,-1,-1,0,0,0.0,5.38
482.437,2436,SEARCH,0,0.0,-1,-1,0,0,0.0,5.15
482.618,2437,SEARCH,0,0.0,-1,-1,0,0,0.0,5.53
482.812,2438,SEARCH,0,0.0,-1,-1,0,0,0.0,5.16
483.01,2439,SEARCH,0,0.0,-1,-1,0,0,0.0,5.06
483.198,2440,SEARCH,0,0.0,-1,-1,0,0,0.0,5.31
483.391,2441,SEARCH,0,0.0,-1,-1,0,0,0.0,5.18
483.567,2442,SEARCH,0,0.0,-1,-1,0,0,0.0,5.69
483.767,2443,SEARCH,0,0.0,-1,-1,0,0,0.0,5.01
483.952,2444,SEARCH,0,0.0,-1,-1,0,0,0.0,5.4
484.133,2445,SEARCH,0,0.0,-1,-1,0,0,0.0,5.51
484.343,2446,SEARCH,0,0.0,-1,-1,0,0,0.0,4.75
484.577,2447,SEARCH,0,0.0,-1,-1,0,0,0.0,4.27
484.789,2448,SEARCH,0,0.0,-1,-1,0,0,0.0,4.73
485.004,2449,SEARCH,0,0.0,-1,-1,0,0,0.0,4.65
485.206,2450,SEARCH,0,0.0,-1,-1,0,0,0.0,4.96
485.416,2451,SEARCH,0,0.0,-1,-1,0,0,0.0,4.76
485.615,2452,SEARCH,0,0.0,-1,-1,0,0,0.0,5.02
485.84,2453,SEARCH,0,0.0,-1,-1,0,0,0.0,4.43
486.066,2454,SEARCH,0,0.0,-1,-1,0,0,0.0,4.44
486.294,2455,SEARCH,0,0.0,-1,-1,0,0,0.0,4.38
486.496,2456,SEARCH,0,0.0,-1,-1,0,0,0.0,4.95
486.721,2457,SEARCH,0,0.0,-1,-1,0,0,0.0,4.44
486.96,2458,SEARCH,0,0.0,-1,-1,0,0,0.0,4.19
487.177,2459,SEARCH,0,0.0,-1,-1,0,0,0.0,4.62
487.401,2460,SEARCH,0,0.0,-1,-1,0,0,0.0,4.45
487.976,2461,SEARCH,0,0.0,-1,-1,0,0,0.0,1.74
488.265,2462,SEARCH,0,0.0,-1,-1,0,0,0.0,3.46
488.538,2463,SEARCH,0,0.0,-1,-1,0,0,0.0,3.66
488.755,2464,SEARCH,0,0.0,-1,-1,0,0,0.0,4.62
488.959,2465,SEARCH,0,0.0,-1,-1,0,0,0.0,4.9
489.165,2466,SEARCH,0,0.0,-1,-1,0,0,0.0,4.85
489.369,2467,SEARCH,0,0.0,-1,-1,0,0,0.0,4.9
489.594,2468,SEARCH,0,0.0,-1,-1,0,0,0.0,4.45
489.84,2469,SEARCH,0,0.0,-1,-1,0,0,0.0,4.06
490.062,2470,SEARCH,0,0.0,-1,-1,0,0,0.0,4.51
490.269,2471,SEARCH,0,0.0,-1,-1,0,0,0.0,4.83
490.486,2472,SEARCH,0,0.0,-1,-1,0,0,0.0,4.6
490.671,2473,SEARCH,0,0.0,-1,-1,0,0,0.0,5.41
490.857,2474,SEARCH,0,0.0,-1,-1,0,0,0.0,5.38
491.038,2475,SEARCH,0,0.0,-1,-1,0,0,0.0,5.53
491.23,2476,SEARCH,0,0.0,-1,-1,0,0,0.0,5.21
491.408,2477,SEARCH,0,0.0,-1,-1,0,0,0.0,5.63
491.591,2478,SEARCH,0,0.0,-1,-1,0,0,0.0,5.48
491.767,2479,SEARCH,0,0.0,-1,-1,0,0,0.0,5.66
491.958,2480,SEARCH,0,0.0,-1,-1,0,0,0.0,5.24
492.146,2481,SEARCH,0,0.0,-1,-1,0,0,0.0,5.33
492.326,2482,SEARCH,0,0.0,-1,-1,0,0,0.0,5.54
492.51,2483,SEARCH,0,0.0,-1,-1,0,0,0.0,5.45
492.694,2484,SEARCH,0,0.0,-1,-1,0,0,0.0,5.42
492.87,2485,SEARCH,0,0.0,-1,-1,0,0,0.0,5.69
493.05,2486,SEARCH,0,0.0,-1,-1,0,0,0.0,5.55
493.241,2487,SEARCH,0,0.0,-1,-1,0,0,0.0,5.24
493.421,2488,SEARCH,0,0.0,-1,-1,0,0,0.0,5.56
493.594,2489,SEARCH,0,0.0,-1,-1,0,0,0.0,5.78
493.769,2490,SEARCH,0,0.0,-1,-1,0,0,0.0,5.7
493.949,2491,SEARCH,0,0.0,-1,-1,0,0,0.0,5.57
494.147,2492,SEARCH,0,0.0,-1,-1,0,0,0.0,5.04
494.368,2493,SEARCH,0,0.0,-1,-1,0,0,0.0,4.53
494.581,2494,SEARCH,0,0.0,-1,-1,0,0,0.0,4.7
494.766,2495,SEARCH,0,0.0,-1,-1,0,0,0.0,5.4
494.971,2496,SEARCH,0,0.0,-1,-1,0,0,0.0,4.89
495.157,2497,SEARCH,0,0.0,-1,-1,0,0,0.0,5.39
495.337,2498,SEARCH,0,0.0,-1,-1,0,0,0.0,5.55
495.523,2499,SEARCH,0,0.0,-1,-1,0,0,0.0,5.38
495.709,2500,SEARCH,0,0.0,-1,-1,0,0,0.0,5.37
495.893,2501,SEARCH,0,0.0,-1,-1,0,0,0.0,5.44
496.071,2502,SEARCH,0,0.0,-1,-1,0,0,0.0,5.63
496.256,2503,SEARCH,0,0.0,-1,-1,0,0,0.0,5.39
496.439,2504,SEARCH,0,0.0,-1,-1,0,0,0.0,5.47
496.624,2505,SEARCH,0,0.0,-1,-1,0,0,0.0,5.39
496.85,2506,SEARCH,0,0.0,-1,-1,0,0,0.0,4.43
497.049,2507,SEARCH,0,0.0,-1,-1,0,0,0.0,5.02
497.232,2508,SEARCH,0,0.0,-1,-1,0,0,0.0,5.47
497.416,2509,SEARCH,0,0.0,-1,-1,0,0,0.0,5.43
497.611,2510,SEARCH,0,0.0,-1,-1,0,0,0.0,5.13
497.79,2511,SEARCH,0,0.0,-1,-1,0,0,0.0,5.58
497.974,2512,SEARCH,0,0.0,-1,-1,0,0,0.0,5.44
498.202,2513,SEARCH,0,0.0,-1,-1,0,0,0.0,4.39
498.847,2514,SEARCH,0,0.0,-1,-1,0,0,0.0,1.55
499.032,2515,SEARCH,0,0.0,-1,-1,0,0,0.0,5.41
499.256,2516,SEARCH,0,0.0,-1,-1,0,0,0.0,4.47
499.439,2517,SEARCH,0,0.0,-1,-1,0,0,0.0,5.45
499.65,2518,SEARCH,0,0.0,-1,-1,0,0,0.0,4.74
499.84,2519,SEARCH,0,0.0,-1,-1,0,0,0.0,5.28
500.049,2520,SEARCH,0,0.0,-1,-1,0,0,0.0,4.78
500.229,2521,SEARCH,0,0.0,-1,-1,0,0,0.0,5.54
500.439,2522,SEARCH,0,0.0,-1,-1,0,0,0.0,4.77
500.639,2523,SEARCH,0,0.0,-1,-1,0,0,0.0,4.99
500.828,2524,SEARCH,0,0.0,-1,-1,0,0,0.0,5.3
501.033,2525,SEARCH,0,0.0,-1,-1,0,0,0.0,4.88
501.232,2526,SEARCH,0,0.0,-1,-1,0,0,0.0,5.01
501.438,2527,SEARCH,0,0.0,-1,-1,0,0,0.0,4.86
501.658,2528,SEARCH,0,0.0,-1,-1,0,0,0.0,4.53
501.841,2529,SEARCH,0,0.0,-1,-1,0,0,0.0,5.48
502.06,2530,SEARCH,0,0.0,-1,-1,0,0,0.0,4.56
502.239,2531,SEARCH,0,0.0,-1,-1,0,0,0.0,5.59
502.768,2532,SEARCH,0,0.0,-1,-1,0,0,0.0,1.89
502.975,2533,SEARCH,0,0.0,-1,-1,0,0,0.0,4.82
503.161,2534,SEARCH,0,0.0,-1,-1,0,0,0.0,5.36
503.349,2535,SEARCH,0,0.0,-1,-1,0,0,0.0,5.32
503.531,2536,SEARCH,0,0.0,-1,-1,0,0,0.0,5.5
503.72,2537,SEARCH,0,0.0,-1,-1,0,0,0.0,5.3
503.903,2538,SEARCH,0,0.0,-1,-1,0,0,0.0,5.45
504.091,2539,SEARCH,0,0.0,-1,-1,0,0,0.0,5.33
504.27,2540,SEARCH,0,0.0,-1,-1,0,0,0.0,5.57
504.468,2541,SEARCH,0,0.0,-1,-1,0,0,0.0,5.05
504.648,2542,SEARCH,0,0.0,-1,-1,0,0,0.0,5.57
504.82,2543,SEARCH,0,0.0,-1,-1,0,0,0.0,5.81
505.025,2544,SEARCH,0,0.0,-1,-1,0,0,0.0,4.87
505.271,2545,SEARCH,0,0.0,-1,-1,0,0,0.0,4.07
505.476,2546,SEARCH,0,0.0,-1,-1,0,0,0.0,4.89
505.682,2547,SEARCH,0,0.0,-1,-1,0,0,0.0,4.83
505.862,2548,SEARCH,0,0.0,-1,-1,0,0,0.0,5.57
506.05,2549,SEARCH,0,0.0,-1,-1,0,0,0.0,5.33
506.236,2550,SEARCH,0,0.0,-1,-1,0,0,0.0,5.37
506.425,2551,SEARCH,0,0.0,-1,-1,0,0,0.0,5.3
507.036,2552,SEARCH,0,0.0,-1,-1,0,0,0.0,1.64
507.217,2553,SEARCH,0,0.0,-1,-1,0,0,0.0,5.52
507.4,2554,SEARCH,0,0.0,-1,-1,0,0,0.0,5.46
507.595,2555,SEARCH,0,0.0,-1,-1,0,0,0.0,5.12
507.781,2556,SEARCH,0,0.0,-1,-1,0,0,0.0,5.37
507.962,2557,SEARCH,0,0.0,-1,-1,0,0,0.0,5.53
508.575,2558,SEARCH,0,0.0,-1,-1,0,0,0.0,1.63
508.758,2559,SEARCH,0,0.0,-1,-1,0,0,0.0,5.47
508.938,2560,SEARCH,0,0.0,-1,-1,0,0,0.0,5.54
509.118,2561,SEARCH,0,0.0,-1,-1,0,0,0.0,5.54
509.304,2562,SEARCH,0,0.0,-1,-1,0,0,0.0,5.4
509.488,2563,SEARCH,0,0.0,-1,-1,0,0,0.0,5.43
509.678,2564,SEARCH,0,0.0,-1,-1,0,0,0.0,5.26
509.867,2565,SEARCH,0,0.0,-1,-1,0,0,0.0,5.3
510.058,2566,SEARCH,0,0.0,-1,-1,0,0,0.0,5.21
510.243,2567,SEARCH,0,0.0,-1,-1,0,0,0.0,5.42
510.431,2568,SEARCH,0,0.0,-1,-1,0,0,0.0,5.32
510.607,2569,SEARCH,0,0.0,-1,-1,0,0,0.0,5.69
510.787,2570,SEARCH,0,0.0,-1,-1,0,0,0.0,5.56
510.976,2571,SEARCH,0,0.0,-1,-1,0,0,0.0,5.29
511.163,2572,SEARCH,0,0.0,-1,-1,0,0,0.0,5.34
511.342,2573,SEARCH,0,0.0,-1,-1,0,0,0.0,5.61
511.516,2574,SEARCH,0,0.0,-1,-1,0,0,0.0,5.73
511.694,2575,SEARCH,0,0.0,-1,-1,0,0,0.0,5.63
511.88,2576,SEARCH,0,0.0,-1,-1,0,0,0.0,5.36
512.067,2577,SEARCH,0,0.0,-1,-1,0,0,0.0,5.36
512.257,2578,SEARCH,0,0.0,-1,-1,0,0,0.0,5.25
512.446,2579,SEARCH,0,0.0,-1,-1,0,0,0.0,5.3
512.64,2580,SEARCH,0,0.0,-1,-1,0,0,0.0,5.15
512.832,2581,SEARCH,0,0.0,-1,-1,0,0,0.0,5.2
513.025,2582,SEARCH,0,0.0,-1,-1,0,0,0.0,5.19
513.214,2583,SEARCH,0,0.0,-1,-1,0,0,0.0,5.3
513.411,2584,SEARCH,0,0.0,-1,-1,0,0,0.0,5.06
513.599,2585,SEARCH,0,0.0,-1,-1,0,0,0.0,5.33
513.85,2586,SEARCH,0,0.0,-1,-1,0,0,0.0,3.98
514.065,2587,SEARCH,0,0.0,-1,-1,0,0,0.0,4.64
514.265,2588,SEARCH,0,0.0,-1,-1,0,0,0.0,5.01
514.454,2589,SEARCH,0,0.0,-1,-1,0,0,0.0,5.28
514.644,2590,SEARCH,0,0.0,-1,-1,0,0,0.0,5.26
514.833,2591,SEARCH,0,0.0,-1,-1,0,0,0.0,5.29
515.014,2592,SEARCH,0,0.0,-1,-1,0,0,0.0,5.55
515.191,2593,SEARCH,0,0.0,-1,-1,0,0,0.0,5.65
515.368,2594,SEARCH,0,0.0,-1,-1,0,0,0.0,5.64
515.544,2595,SEARCH,0,0.0,-1,-1,0,0,0.0,5.68
515.726,2596,SEARCH,0,0.0,-1,-1,0,0,0.0,5.5
515.917,2597,SEARCH,0,0.0,-1,-1,0,0,0.0,5.24
516.092,2598,SEARCH,0,0.0,-1,-1,0,0,0.0,5.72
516.283,2599,SEARCH,0,0.0,-1,-1,0,0,0.0,5.23
516.459,2600,SEARCH,0,0.0,-1,-1,0,0,0.0,5.68
516.658,2601,SEARCH,0,0.0,-1,-1,0,0,0.0,5.04
516.842,2602,SEARCH,0,0.0,-1,-1,0,0,0.0,5.44
517.023,2603,SEARCH,0,0.0,-1,-1,0,0,0.0,5.51
517.195,2604,SEARCH,0,0.0,-1,-1,0,0,0.0,5.83
517.372,2605,SEARCH,0,0.0,-1,-1,0,0,0.0,5.65
517.547,2606,SEARCH,0,0.0,-1,-1,0,0,0.0,5.7
517.737,2607,SEARCH,0,0.0,-1,-1,0,0,0.0,5.28
517.923,2608,SEARCH,0,0.0,-1,-1,0,0,0.0,5.37
518.113,2609,SEARCH,0,0.0,-1,-1,0,0,0.0,5.25
518.304,2610,SEARCH,0,0.0,-1,-1,0,0,0.0,5.25
518.5,2611,SEARCH,0,0.0,-1,-1,0,0,0.0,5.1
518.68,2612,SEARCH,0,0.0,-1,-1,0,0,0.0,5.56
518.871,2613,SEARCH,0,0.0,-1,-1,0,0,0.0,5.24
519.054,2614,SEARCH,0,0.0,-1,-1,0,0,0.0,5.44
519.242,2615,SEARCH,0,0.0,-1,-1,0,0,0.0,5.34
519.425,2616,SEARCH,0,0.0,-1,-1,0,0,0.0,5.45
520.049,2617,SEARCH,0,0.0,-1,-1,0,0,0.0,1.6
520.23,2618,SEARCH,0,0.0,-1,-1,0,0,0.0,5.54
520.428,2619,SEARCH,0,0.0,-1,-1,0,0,0.0,5.06
520.623,2620,SEARCH,0,0.0,-1,-1,0,0,0.0,5.12
520.808,2621,SEARCH,0,0.0,-1,-1,0,0,0.0,5.4
521.007,2622,SEARCH,0,0.0,-1,-1,0,0,0.0,5.02
521.639,2623,SEARCH,0,0.0,-1,-1,0,0,0.0,1.58
521.818,2624,SEARCH,0,0.0,-1,-1,0,0,0.0,5.58
522.007,2625,SEARCH,0,0.0,-1,-1,0,0,0.0,5.3
522.197,2626,SEARCH,0,0.0,-1,-1,0,0,0.0,5.27
522.447,2627,SEARCH,0,0.0,-1,-1,0,0,0.0,4.0
522.652,2628,SEARCH,0,0.0,-1,-1,0,0,0.0,4.87
522.854,2629,SEARCH,0,0.0,-1,-1,0,0,0.0,4.95
523.041,2630,SEARCH,0,0.0,-1,-1,0,0,0.0,5.36
523.221,2631,SEARCH,0,0.0,-1,-1,0,0,0.0,5.55
523.406,2632,SEARCH,0,0.0,-1,-1,0,0,0.0,5.4
523.603,2633,SEARCH,0,0.0,-1,-1,0,0,0.0,5.07
523.798,2634,SEARCH,0,0.0,-1,-1,0,0,0.0,5.12
523.989,2635,SEARCH,0,0.0,-1,-1,0,0,0.0,5.24
524.172,2636,SEARCH,0,0.0,-1,-1,0,0,0.0,5.46
524.361,2637,SEARCH,0,0.0,-1,-1,0,0,0.0,5.29
524.56,2638,SEARCH,0,0.0,-1,-1,0,0,0.0,5.02
524.747,2639,SEARCH,0,0.0,-1,-1,0,0,0.0,5.34
524.934,2640,SEARCH,0,0.0,-1,-1,0,0,0.0,5.37
525.112,2641,SEARCH,0,0.0,-1,-1,0,0,0.0,5.6
525.293,2642,SEARCH,0,0.0,-1,-1,0,0,0.0,5.53
525.478,2643,SEARCH,0,0.0,-1,-1,0,0,0.0,5.41
525.663,2644,SEARCH,0,0.0,-1,-1,0,0,0.0,5.4
525.846,2645,SEARCH,0,0.0,-1,-1,0,0,0.0,5.48
526.021,2646,SEARCH,0,0.0,-1,-1,0,0,0.0,5.71
526.215,2647,SEARCH,0,0.0,-1,-1,0,0,0.0,5.14
526.786,2648,SEARCH,0,0.0,-1,-1,0,0,0.0,1.75
526.973,2649,SEARCH,0,0.0,-1,-1,0,0,0.0,5.33
527.158,2650,SEARCH,0,0.0,-1,-1,0,0,0.0,5.41
527.344,2651,SEARCH,0,0.0,-1,-1,0,0,0.0,5.4
527.532,2652,SEARCH,0,0.0,-1,-1,0,0,0.0,5.3
527.742,2653,SEARCH,0,0.0,-1,-1,0,0,0.0,4.76
527.926,2654,SEARCH,0,0.0,-1,-1,0,0,0.0,5.45
528.111,2655,SEARCH,0,0.0,-1,-1,0,0,0.0,5.4
528.304,2656,SEARCH,0,0.0,-1,-1,0,0,0.0,5.19
528.492,2657,SEARCH,0,0.0,-1,-1,0,0,0.0,5.31
528.665,2658,SEARCH,0,0.0,-1,-1,0,0,0.0,5.79
528.854,2659,SEARCH,0,0.0,-1,-1,0,0,0.0,5.28
529.045,2660,SEARCH,0,0.0,-1,-1,0,0,0.0,5.24
529.239,2661,SEARCH,0,0.0,-1,-1,0,0,0.0,5.16
529.427,2662,SEARCH,0,0.0,-1,-1,0,0,0.0,5.32
529.608,2663,SEARCH,0,0.0,-1,-1,0,0,0.0,5.51
529.787,2664,SEARCH,0,0.0,-1,-1,0,0,0.0,5.58
529.968,2665,SEARCH,0,0.0,-1,-1,0,0,0.0,5.54
530.151,2666,SEARCH,0,0.0,-1,-1,0,0,0.0,5.45
530.336,2667,SEARCH,0,0.0,-1,-1,0,0,0.0,5.4
530.519,2668,SEARCH,0,0.0,-1,-1,0,0,0.0,5.48
530.712,2669,SEARCH,0,0.0,-1,-1,0,0,0.0,5.16
530.943,2670,SEARCH,0,0.0,-1,-1,0,0,0.0,4.34
531.151,2671,SEARCH,0,0.0,-1,-1,0,0,0.0,4.81
531.358,2672,SEARCH,0,0.0,-1,-1,0,0,0.0,4.82
531.539,2673,SEARCH,0,0.0,-1,-1,0,0,0.0,5.54
531.731,2674,SEARCH,0,0.0,-1,-1,0,0,0.0,5.19
531.915,2675,SEARCH,0,0.0,-1,-1,0,0,0.0,5.45
532.103,2676,SEARCH,0,0.0,-1,-1,0,0,0.0,5.31
532.289,2677,SEARCH,0,0.0,-1,-1,0,0,0.0,5.39
532.476,2678,SEARCH,0,0.0,-1,-1,0,0,0.0,5.33
532.656,2679,SEARCH,0,0.0,-1,-1,0,0,0.0,5.56
532.844,2680,SEARCH,0,0.0,-1,-1,0,0,0.0,5.31
533.037,2681,SEARCH,0,0.0,-1,-1,0,0,0.0,5.19
533.222,2682,SEARCH,0,0.0,-1,-1,0,0,0.0,5.39
533.409,2683,SEARCH,0,0.0,-1,-1,0,0,0.0,5.37
533.586,2684,SEARCH,0,0.0,-1,-1,0,0,0.0,5.65
533.765,2685,SEARCH,0,0.0,-1,-1,0,0,0.0,5.59
533.957,2686,SEARCH,0,0.0,-1,-1,0,0,0.0,5.2
534.132,2687,SEARCH,0,0.0,-1,-1,0,0,0.0,5.71
534.329,2688,SEARCH,0,0.0,-1,-1,0,0,0.0,5.08
534.515,2689,SEARCH,0,0.0,-1,-1,0,0,0.0,5.38
534.704,2690,SEARCH,0,0.0,-1,-1,0,0,0.0,5.27
534.892,2691,SEARCH,0,0.0,-1,-1,0,0,0.0,5.34
535.075,2692,SEARCH,0,0.0,-1,-1,0,0,0.0,5.45
535.257,2693,SEARCH,0,0.0,-1,-1,0,0,0.0,5.49
535.457,2694,SEARCH,0,0.0,-1,-1,0,0,0.0,5.02
535.645,2695,SEARCH,0,0.0,-1,-1,0,0,0.0,5.32
535.837,2696,SEARCH,0,0.0,-1,-1,0,0,0.0,5.19
536.021,2697,SEARCH,0,0.0,-1,-1,0,0,0.0,5.46
536.212,2698,SEARCH,0,0.0,-1,-1,0,0,0.0,5.24
536.402,2699,SEARCH,0,0.0,-1,-1,0,0,0.0,5.26
536.585,2700,SEARCH,0,0.0,-1,-1,0,0,0.0,5.44
536.774,2701,SEARCH,0,0.0,-1,-1,0,0,0.0,5.29
536.951,2702,SEARCH,0,0.0,-1,-1,0,0,0.0,5.67
537.129,2703,SEARCH,0,0.0,-1,-1,0,0,0.0,5.61
537.315,2704,SEARCH,0,0.0,-1,-1,0,0,0.0,5.39
537.496,2705,SEARCH,0,0.0,-1,-1,0,0,0.0,5.51
537.691,2706,SEARCH,0,0.0,-1,-1,0,0,0.0,5.14
537.876,2707,SEARCH,0,0.0,-1,-1,0,0,0.0,5.4
538.075,2708,SEARCH,0,0.0,-1,-1,0,0,0.0,5.01
538.261,2709,SEARCH,0,0.0,-1,-1,0,0,0.0,5.38
538.451,2710,SEARCH,0,0.0,-1,-1,0,0,0.0,5.26
538.633,2711,SEARCH,0,0.0,-1,-1,0,0,0.0,5.52
538.816,2712,SEARCH,0,0.0,-1,-1,0,0,0.0,5.46
539.021,2713,SEARCH,0,0.0,-1,-1,0,0,0.0,4.86
539.201,2714,SEARCH,0,0.0,-1,-1,0,0,0.0,5.56
539.448,2715,SEARCH,0,0.0,-1,-1,0,0,0.0,4.06
539.657,2716,SEARCH,0,0.0,-1,-1,0,0,0.0,4.77
539.856,2717,SEARCH,0,0.0,-1,-1,0,0,0.0,5.03
540.048,2718,SEARCH,0,0.0,-1,-1,0,0,0.0,5.2
540.236,2719,SEARCH,0,0.0,-1,-1,0,0,0.0,5.31
540.424,2720,SEARCH,0,0.0,-1,-1,0,0,0.0,5.33
540.626,2721,SEARCH,0,0.0,-1,-1,0,0,0.0,4.96
540.806,2722,SEARCH,0,0.0,-1,-1,0,0,0.0,5.54
540.985,2723,SEARCH,0,0.0,-1,-1,0,0,0.0,5.57
541.171,2724,SEARCH,0,0.0,-1,-1,0,0,0.0,5.38
541.354,2725,SEARCH,0,0.0,-1,-1,0,0,0.0,5.47
541.538,2726,SEARCH,0,0.0,-1,-1,0,0,0.0,5.44
541.722,2727,SEARCH,0,0.0,-1,-1,0,0,0.0,5.44
541.918,2728,SEARCH,0,0.0,-1,-1,0,0,0.0,5.11
542.099,2729,SEARCH,0,0.0,-1,-1,0,0,0.0,5.52
542.3,2730,SEARCH,0,0.0,-1,-1,0,0,0.0,4.98
542.484,2731,SEARCH,0,0.0,-1,-1,0,0,0.0,5.42
542.673,2732,SEARCH,0,0.0,-1,-1,0,0,0.0,5.31
542.857,2733,SEARCH,0,0.0,-1,-1,0,0,0.0,5.44
543.043,2734,SEARCH,0,0.0,-1,-1,0,0,0.0,5.38
543.224,2735,SEARCH,0,0.0,-1,-1,0,0,0.0,5.51
543.408,2736,SEARCH,0,0.0,-1,-1,0,0,0.0,5.44
543.588,2737,SEARCH,0,0.0,-1,-1,0,0,0.0,5.55
543.768,2738,SEARCH,0,0.0,-1,-1,0,0,0.0,5.56
543.959,2739,SEARCH,0,0.0,-1,-1,0,0,0.0,5.23
544.141,2740,SEARCH,0,0.0,-1,-1,0,0,0.0,5.51
544.319,2741,SEARCH,0,0.0,-1,-1,0,0,0.0,5.6
544.504,2742,SEARCH,0,0.0,-1,-1,0,0,0.0,5.43
544.689,2743,SEARCH,0,0.0,-1,-1,0,0,0.0,5.4
544.874,2744,SEARCH,0,0.0,-1,-1,0,0,0.0,5.41
545.05,2745,SEARCH,0,0.0,-1,-1,0,0,0.0,5.67
545.243,2746,SEARCH,0,0.0,-1,-1,0,0,0.0,5.17
545.43,2747,SEARCH,0,0.0,-1,-1,0,0,0.0,5.37
545.623,2748,SEARCH,0,0.0,-1,-1,0,0,0.0,5.16
545.811,2749,SEARCH,0,0.0,-1,-1,0,0,0.0,5.33
545.999,2750,SEARCH,0,0.0,-1,-1,0,0,0.0,5.31
546.184,2751,SEARCH,0,0.0,-1,-1,0,0,0.0,5.4
546.369,2752,SEARCH,0,0.0,-1,-1,0,0,0.0,5.41
546.564,2753,SEARCH,0,0.0,-1,-1,0,0,0.0,5.14
546.755,2754,SEARCH,0,0.0,-1,-1,0,0,0.0,5.22
546.945,2755,SEARCH,0,0.0,-1,-1,0,0,0.0,5.27
547.132,2756,SEARCH,0,0.0,-1,-1,0,0,0.0,5.35
547.316,2757,SEARCH,0,0.0,-1,-1,0,0,0.0,5.44
548.036,2758,SEARCH,0,0.0,-1,-1,0,0,0.0,1.39
548.241,2759,SEARCH,0,0.0,-1,-1,0,0,0.0,4.88
548.437,2760,SEARCH,0,0.0,-1,-1,0,0,0.0,5.09
548.625,2761,SEARCH,0,0.0,-1,-1,0,0,0.0,5.31
548.806,2762,SEARCH,0,0.0,-1,-1,0,0,0.0,5.54
548.985,2763,SEARCH,0,0.0,-1,-1,0,0,0.0,5.6
549.163,2764,SEARCH,0,0.0,-1,-1,0,0,0.0,5.6
549.348,2765,SEARCH,0,0.0,-1,-1,0,0,0.0,5.42
549.541,2766,SEARCH,0,0.0,-1,-1,0,0,0.0,5.18
549.737,2767,SEARCH,0,0.0,-1,-1,0,0,0.0,5.1
549.922,2768,SEARCH,0,0.0,-1,-1,0,0,0.0,5.39
550.106,2769,SEARCH,0,0.0,-1,-1,0,0,0.0,5.45
550.29,2770,SEARCH,0,0.0,-1,-1,0,0,0.0,5.42
550.481,2771,SEARCH,0,0.0,-1,-1,0,0,0.0,5.25
550.677,2772,SEARCH,0,0.0,-1,-1,0,0,0.0,5.1
550.874,2773,SEARCH,0,0.0,-1,-1,0,0,0.0,5.07
551.057,2774,SEARCH,0,0.0,-1,-1,0,0,0.0,5.48
551.265,2775,SEARCH,0,0.0,-1,-1,0,0,0.0,4.82
551.459,2776,SEARCH,0,0.0,-1,-1,0,0,0.0,5.16
552.157,2777,SEARCH,0,0.0,-1,-1,0,0,0.0,1.43
552.36,2778,SEARCH,0,0.0,-1,-1,0,0,0.0,4.93
552.545,2779,SEARCH,0,0.0,-1,-1,0,0,0.0,5.41
552.731,2780,SEARCH,0,0.0,-1,-1,0,0,0.0,5.38
552.916,2781,SEARCH,0,0.0,-1,-1,0,0,0.0,5.4
553.113,2782,SEARCH,0,0.0,-1,-1,0,0,0.0,5.06
553.704,2783,SEARCH,0,0.0,-1,-1,0,0,0.0,1.69
553.891,2784,SEARCH,0,0.0,-1,-1,0,0,0.0,5.33
554.08,2785,SEARCH,0,0.0,-1,-1,0,0,0.0,5.3
554.272,2786,SEARCH,0,0.0,-1,-1,0,0,0.0,5.22
554.527,2787,SEARCH,0,0.0,-1,-1,0,0,0.0,3.91
554.706,2788,SEARCH,0,0.0,-1,-1,0,0,0.0,5.61
554.906,2789,SEARCH,0,0.0,-1,-1,0,0,0.0,4.98
555.095,2790,SEARCH,0,0.0,-1,-1,0,0,0.0,5.29
555.284,2791,SEARCH,0,0.0,-1,-1,0,0,0.0,5.29
555.475,2792,SEARCH,0,0.0,-1,-1,0,0,0.0,5.24
555.661,2793,SEARCH,0,0.0,-1,-1,0,0,0.0,5.37
555.85,2794,SEARCH,0,0.0,-1,-1,0,0,0.0,5.3
556.032,2795,SEARCH,0,0.0,-1,-1,0,0,0.0,5.48
556.212,2796,SEARCH,0,0.0,-1,-1,0,0,0.0,5.56
556.794,2797,SEARCH,0,0.0,-1,-1,0,0,0.0,1.72
556.978,2798,SEARCH,0,0.0,-1,-1,0,0,0.0,5.44
557.168,2799,SEARCH,0,0.0,-1,-1,0,0,0.0,5.26
557.355,2800,SEARCH,0,0.0,-1,-1,0,0,0.0,5.35
557.534,2801,SEARCH,0,0.0,-1,-1,0,0,0.0,5.56
557.733,2802,SEARCH,0,0.0,-1,-1,0,0,0.0,5.05
558.403,2803,SEARCH,0,0.0,-1,-1,0,0,0.0,1.49
558.616,2804,SEARCH,0,0.0,-1,-1,0,0,0.0,4.69
558.808,2805,SEARCH,0,0.0,-1,-1,0,0,0.0,5.21
559.004,2806,SEARCH,0,0.0,-1,-1,0,0,0.0,5.1
559.195,2807,SEARCH,0,0.0,-1,-1,0,0,0.0,5.24
559.569,2808,SEARCH,0,0.0,-1,-1,0,0,0.0,2.67
559.751,2809,SEARCH,0,0.0,-1,-1,0,0,0.0,5.51
559.94,2810,SEARCH,0,0.0,-1,-1,0,0,0.0,5.3
560.127,2811,SEARCH,0,0.0,-1,-1,0,0,0.0,5.34
560.303,2812,SEARCH,0,0.0,-1,-1,0,0,0.0,5.66
560.498,2813,SEARCH,0,0.0,-1,-1,0,0,0.0,5.14
560.68,2814,SEARCH,0,0.0,-1,-1,0,0,0.0,5.5
560.87,2815,SEARCH,0,0.0,-1,-1,0,0,0.0,5.25
561.056,2816,SEARCH,0,0.0,-1,-1,0,0,0.0,5.37
561.248,2817,SEARCH,0,0.0,-1,-1,0,0,0.0,5.21
561.439,2818,SEARCH,0,0.0,-1,-1,0,0,0.0,5.25
561.617,2819,SEARCH,0,0.0,-1,-1,0,0,0.0,5.62
561.809,2820,SEARCH,0,0.0,-1,-1,0,0,0.0,5.2
561.997,2821,SEARCH,0,0.0,-1,-1,0,0,0.0,5.32
562.175,2822,SEARCH,0,0.0,-1,-1,0,0,0.0,5.62
562.37,2823,SEARCH,0,0.0,-1,-1,0,0,0.0,5.14
563.06,2824,SEARCH,0,0.0,-1,-1,0,0,0.0,1.45
563.244,2825,SEARCH,0,0.0,-1,-1,0,0,0.0,5.44
563.435,2826,SEARCH,0,0.0,-1,-1,0,0,0.0,5.23
563.626,2827,SEARCH,0,0.0,-1,-1,0,0,0.0,5.26
563.824,2828,SEARCH,0,0.0,-1,-1,0,0,0.0,5.04
564.04,2829,SEARCH,0,0.0,-1,-1,0,0,0.0,4.62
564.25,2830,SEARCH,0,0.0,-1,-1,0,0,0.0,4.78
564.464,2831,SEARCH,0,0.0,-1,-1,0,0,0.0,4.66
564.689,2832,SEARCH,0,0.0,-1,-1,0,0,0.0,4.44
564.971,2833,SEARCH,0,0.0,-1,-1,0,0,0.0,3.55
565.195,2834,SEARCH,0,0.0,-1,-1,0,0,0.0,4.46
565.441,2835,SEARCH,0,0.0,-1,-1,0,0,0.0,4.07
565.658,2836,SEARCH,0,0.0,-1,-1,0,0,0.0,4.61
565.848,2837,SEARCH,0,0.0,-1,-1,0,0,0.0,5.25
566.096,2838,SEARCH,0,0.0,-1,-1,0,0,0.0,4.03
566.317,2839,SEARCH,0,0.0,-1,-1,0,0,0.0,4.52
566.53,2840,SEARCH,0,0.0,-1,-1,0,0,0.0,4.69
566.754,2841,SEARCH,0,0.0,-1,-1,0,0,0.0,4.48
566.983,2842,SEARCH,0,0.0,-1,-1,0,0,0.0,4.37
567.205,2843,SEARCH,0,0.0,-1,-1,0,0,0.0,4.49
567.438,2844,SEARCH,0,0.0,-1,-1,0,0,0.0,4.29
567.635,2845,SEARCH,0,0.0,-1,-1,0,0,0.0,5.08
567.855,2846,SEARCH,0,0.0,-1,-1,0,0,0.0,4.54
568.037,2847,SEARCH,0,0.0,-1,-1,0,0,0.0,5.51
568.237,2848,SEARCH,0,0.0,-1,-1,0,0,0.0,5.0
568.437,2849,SEARCH,0,0.0,-1,-1,0,0,0.0,4.99
568.619,2850,SEARCH,0,0.0,-1,-1,0,0,0.0,5.49
568.825,2851,SEARCH,0,0.0,-1,-1,0,0,0.0,4.88
569.009,2852,SEARCH,0,0.0,-1,-1,0,0,0.0,5.43
569.196,2853,SEARCH,0,0.0,-1,-1,0,0,0.0,5.35
569.388,2854,SEARCH,0,0.0,-1,-1,0,0,0.0,5.2
569.564,2855,SEARCH,0,0.0,-1,-1,0,0,0.0,5.69
569.746,2856,SEARCH,0,0.0,-1,-1,0,0,0.0,5.49
569.931,2857,SEARCH,0,0.0,-1,-1,0,0,0.0,5.41
570.118,2858,SEARCH,0,0.0,-1,-1,0,0,0.0,5.35
570.313,2859,SEARCH,0,0.0,-1,-1,0,0,0.0,5.11
570.484,2860,SEARCH,0,0.0,-1,-1,0,0,0.0,5.85
570.675,2861,SEARCH,0,0.0,-1,-1,0,0,0.0,5.23
570.849,2862,SEARCH,0,0.0,-1,-1,0,0,0.0,5.76
571.047,2863,SEARCH,0,0.0,-1,-1,0,0,0.0,5.05
571.237,2864,SEARCH,0,0.0,-1,-1,0,0,0.0,5.25
571.42,2865,SEARCH,0,0.0,-1,-1,0,0,0.0,5.48
571.601,2866,SEARCH,0,0.0,-1,-1,0,0,0.0,5.54
571.787,2867,SEARCH,0,0.0,-1,-1,0,0,0.0,5.37
571.979,2868,SEARCH,0,0.0,-1,-1,0,0,0.0,5.2
572.166,2869,SEARCH,0,0.0,-1,-1,0,0,0.0,5.35
572.361,2870,SEARCH,0,0.0,-1,-1,0,0,0.0,5.12
572.536,2871,SEARCH,0,0.0,-1,-1,0,0,0.0,5.71
572.72,2872,SEARCH,0,0.0,-1,-1,0,0,0.0,5.44
572.908,2873,SEARCH,0,0.0,-1,-1,0,0,0.0,5.32
573.084,2874,SEARCH,0,0.0,-1,-1,0,0,0.0,5.7
573.266,2875,SEARCH,0,0.0,-1,-1,0,0,0.0,5.5
573.493,2876,SEARCH,0,0.0,-1,-1,0,0,0.0,4.4
573.704,2877,SEARCH,0,0.0,-1,-1,0,0,0.0,4.73
573.904,2878,SEARCH,0,0.0,-1,-1,0,0,0.0,5.0
574.088,2879,SEARCH,0,0.0,-1,-1,0,0,0.0,5.43
574.269,2880,SEARCH,0,0.0,-1,-1,0,0,0.0,5.52
574.452,2881,SEARCH,0,0.0,-1,-1,0,0,0.0,5.47
574.642,2882,SEARCH,0,0.0,-1,-1,0,0,0.0,5.27
574.834,2883,SEARCH,0,0.0,-1,-1,0,0,0.0,5.21
575.027,2884,SEARCH,0,0.0,-1,-1,0,0,0.0,5.18
575.207,2885,SEARCH,0,0.0,-1,-1,0,0,0.0,5.56
575.396,2886,SEARCH,0,0.0,-1,-1,0,0,0.0,5.28
575.582,2887,SEARCH,0,0.0,-1,-1,0,0,0.0,5.37
575.759,2888,SEARCH,0,0.0,-1,-1,0,0,0.0,5.65
575.945,2889,SEARCH,0,0.0,-1,-1,0,0,0.0,5.4
576.128,2890,SEARCH,0,0.0,-1,-1,0,0,0.0,5.46
576.31,2891,SEARCH,0,0.0,-1,-1,0,0,0.0,5.49
576.491,2892,SEARCH,0,0.0,-1,-1,0,0,0.0,5.51
576.678,2893,SEARCH,0,0.0,-1,-1,0,0,0.0,5.35
576.861,2894,SEARCH,0,0.0,-1,-1,0,0,0.0,5.46
577.038,2895,SEARCH,0,0.0,-1,-1,0,0,0.0,5.65
577.23,2896,SEARCH,0,0.0,-1,-1,0,0,0.0,5.23
577.423,2897,SEARCH,0,0.0,-1,-1,0,0,0.0,5.18
577.602,2898,SEARCH,0,0.0,-1,-1,0,0,0.0,5.56
577.781,2899,SEARCH,0,0.0,-1,-1,0,0,0.0,5.58
577.964,2900,SEARCH,0,0.0,-1,-1,0,0,0.0,5.47
578.145,2901,SEARCH,0,0.0,-1,-1,0,0,0.0,5.54
578.326,2902,SEARCH,0,0.0,-1,-1,0,0,0.0,5.51
578.519,2903,SEARCH,0,0.0,-1,-1,0,0,0.0,5.19
578.711,2904,SEARCH,0,0.0,-1,-1,0,0,0.0,5.21
578.895,2905,SEARCH,0,0.0,-1,-1,0,0,0.0,5.43
579.083,2906,SEARCH,0,0.0,-1,-1,0,0,0.0,5.33
579.279,2907,SEARCH,0,0.0,-1,-1,0,0,0.0,5.1
579.474,2908,SEARCH,0,0.0,-1,-1,0,0,0.0,5.12
579.666,2909,SEARCH,0,0.0,-1,-1,0,0,0.0,5.21
579.847,2910,SEARCH,0,0.0,-1,-1,0,0,0.0,5.51
580.029,2911,SEARCH,0,0.0,-1,-1,0,0,0.0,5.52
580.203,2912,SEARCH,0,0.0,-1,-1,0,0,0.0,5.73
580.38,2913,SEARCH,0,0.0,-1,-1,0,0,0.0,5.66
580.557,2914,SEARCH,0,0.0,-1,-1,0,0,0.0,5.64
580.75,2915,SEARCH,0,0.0,-1,-1,0,0,0.0,5.19
580.944,2916,SEARCH,0,0.0,-1,-1,0,0,0.0,5.14
581.144,2917,SEARCH,0,0.0,-1,-1,0,0,0.0,5.0
581.329,2918,SEARCH,0,0.0,-1,-1,0,0,0.0,5.39
581.515,2919,SEARCH,0,0.0,-1,-1,0,0,0.0,5.4
581.707,2920,SEARCH,0,0.0,-1,-1,0,0,0.0,5.2
581.884,2921,SEARCH,0,0.0,-1,-1,0,0,0.0,5.63
582.13,2922,SEARCH,0,0.0,-1,-1,0,0,0.0,4.07
582.349,2923,SEARCH,0,0.0,-1,-1,0,0,0.0,4.56
582.54,2924,SEARCH,0,0.0,-1,-1,0,0,0.0,5.24
582.73,2925,SEARCH,0,0.0,-1,-1,0,0,0.0,5.28
582.916,2926,SEARCH,0,0.0,-1,-1,0,0,0.0,5.38
583.095,2927,SEARCH,0,0.0,-1,-1,0,0,0.0,5.58
583.286,2928,SEARCH,0,0.0,-1,-1,0,0,0.0,5.22
583.483,2929,SEARCH,0,0.0,-1,-1,0,0,0.0,5.09
583.67,2930,SEARCH,0,0.0,-1,-1,0,0,0.0,5.34
583.857,2931,SEARCH,0,0.0,-1,-1,0,0,0.0,5.34
584.033,2932,SEARCH,0,0.0,-1,-1,0,0,0.0,5.68
584.213,2933,SEARCH,0,0.0,-1,-1,0,0,0.0,5.55
584.395,2934,SEARCH,0,0.0,-1,-1,0,0,0.0,5.51
584.594,2935,SEARCH,0,0.0,-1,-1,0,0,0.0,5.03
584.775,2936,SEARCH,0,0.0,-1,-1,0,0,0.0,5.51
584.971,2937,SEARCH,0,0.0,-1,-1,0,0,0.0,5.1
585.161,2938,SEARCH,0,0.0,-1,-1,0,0,0.0,5.27
585.353,2939,SEARCH,0,0.0,-1,-1,0,0,0.0,5.22
585.534,2940,SEARCH,0,0.0,-1,-1,0,0,0.0,5.51
585.722,2941,SEARCH,0,0.0,-1,-1,0,0,0.0,5.33
585.917,2942,SEARCH,0,0.0,-1,-1,0,0,0.0,5.13
586.09,2943,SEARCH,0,0.0,-1,-1,0,0,0.0,5.77
586.288,2944,SEARCH,0,0.0,-1,-1,0,0,0.0,5.06
586.491,2945,SEARCH,0,0.0,-1,-1,0,0,0.0,4.91
586.698,2946,SEARCH,0,0.0,-1,-1,0,0,0.0,4.84
586.882,2947,SEARCH,0,0.0,-1,-1,0,0,0.0,5.43
587.066,2948,SEARCH,0,0.0,-1,-1,0,0,0.0,5.43
587.262,2949,SEARCH,0,0.0,-1,-1,0,0,0.0,5.1
587.449,2950,SEARCH,0,0.0,-1,-1,0,0,0.0,5.37
587.645,2951,SEARCH,0,0.0,-1,-1,0,0,0.0,5.1
587.834,2952,SEARCH,0,0.0,-1,-1,0,0,0.0,5.29
588.052,2953,SEARCH,0,0.0,-1,-1,0,0,0.0,4.58
588.235,2954,SEARCH,0,0.0,-1,-1,0,0,0.0,5.46
588.432,2955,SEARCH,0,0.0,-1,-1,0,0,0.0,5.1
588.616,2956,SEARCH,0,0.0,-1,-1,0,0,0.0,5.41
588.824,2957,SEARCH,0,0.0,-1,-1,0,0,0.0,4.82
589.01,2958,SEARCH,0,0.0,-1,-1,0,0,0.0,5.37
589.195,2959,SEARCH,0,0.0,-1,-1,0,0,0.0,5.39
589.377,2960,SEARCH,0,0.0,-1,-1,0,0,0.0,5.5
589.563,2961,SEARCH,0,0.0,-1,-1,0,0,0.0,5.38
589.749,2962,SEARCH,0,0.0,-1,-1,0,0,0.0,5.38
589.926,2963,SEARCH,0,0.0,-1,-1,0,0,0.0,5.66
590.114,2964,SEARCH,0,0.0,-1,-1,0,0,0.0,5.33
590.29,2965,SEARCH,0,0.0,-1,-1,0,0,0.0,5.65
590.522,2966,SEARCH,0,0.0,-1,-1,0,0,0.0,4.31
590.729,2967,SEARCH,0,0.0,-1,-1,0,0,0.0,4.83
590.939,2968,SEARCH,0,0.0,-1,-1,0,0,0.0,4.76
591.121,2969,SEARCH,0,0.0,-1,-1,0,0,0.0,5.51
591.309,2970,SEARCH,0,0.0,-1,-1,0,0,0.0,5.31
591.489,2971,SEARCH,0,0.0,-1,-1,0,0,0.0,5.57
591.677,2972,SEARCH,0,0.0,-1,-1,0,0,0.0,5.33
591.871,2973,SEARCH,0,0.0,-1,-1,0,0,0.0,5.16
592.055,2974,SEARCH,0,0.0,-1,-1,0,0,0.0,5.42
592.247,2975,SEARCH,0,0.0,-1,-1,0,0,0.0,5.21
592.426,2976,SEARCH,0,0.0,-1,-1,0,0,0.0,5.59
592.625,2977,SEARCH,0,0.0,-1,-1,0,0,0.0,5.03
592.805,2978,SEARCH,0,0.0,-1,-1,0,0,0.0,5.56
592.99,2979,SEARCH,0,0.0,-1,-1,0,0,0.0,5.38
593.183,2980,SEARCH,0,0.0,-1,-1,0,0,0.0,5.2
593.362,2981,SEARCH,0,0.0,-1,-1,0,0,0.0,5.58
593.541,2982,SEARCH,0,0.0,-1,-1,0,0,0.0,5.58
593.725,2983,SEARCH,0,0.0,-1,-1,0,0,0.0,5.44
593.897,2984,SEARCH,0,0.0,-1,-1,0,0,0.0,5.81
594.088,2985,SEARCH,0,0.0,-1,-1,0,0,0.0,5.26
594.275,2986,SEARCH,0,0.0,-1,-1,0,0,0.0,5.34
594.457,2987,SEARCH,0,0.0,-1,-1,0,0,0.0,5.5
594.634,2988,SEARCH,0,0.0,-1,-1,0,0,0.0,5.64
594.822,2989,SEARCH,0,0.0,-1,-1,0,0,0.0,5.31
595.008,2990,SEARCH,0,0.0,-1,-1,0,0,0.0,5.38
595.186,2991,SEARCH,0,0.0,-1,-1,0,0,0.0,5.62
595.365,2992,SEARCH,0,0.0,-1,-1,0,0,0.0,5.6
595.55,2993,SEARCH,0,0.0,-1,-1,0,0,0.0,5.4
595.739,2994,SEARCH,0,0.0,-1,-1,0,0,0.0,5.29
595.919,2995,SEARCH,0,0.0,-1,-1,0,0,0.0,5.55
596.104,2996,SEARCH,0,0.0,-1,-1,0,0,0.0,5.39
596.283,2997,SEARCH,0,0.0,-1,-1,0,0,0.0,5.59
596.465,2998,SEARCH,0,0.0,-1,-1,0,0,0.0,5.49
596.647,2999,SEARCH,0,0.0,-1,-1,0,0,0.0,5.51
596.837,3000,SEARCH,0,0.0,-1,-1,0,0,0.0,5.27
597.019,3001,SEARCH,0,0.0,-1,-1,0,0,0.0,5.49
597.19,3002,SEARCH,0,0.0,-1,-1,0,0,0.0,5.83
597.373,3003,SEARCH,0,0.0,-1,-1,0,0,0.0,5.46
597.555,3004,SEARCH,0,0.0,-1,-1,0,0,0.0,5.51
597.737,3005,SEARCH,0,0.0,-1,-1,0,0,0.0,5.5
597.925,3006,SEARCH,0,0.0,-1,-1,0,0,0.0,5.32
598.108,3007,SEARCH,0,0.0,-1,-1,0,0,0.0,5.46
598.288,3008,SEARCH,0,0.0,-1,-1,0,0,0.0,5.56
598.47,3009,SEARCH,0,0.0,-1,-1,0,0,0.0,5.5
598.662,3010,SEARCH,0,0.0,-1,-1,0,0,0.0,5.21
598.84,3011,SEARCH,0,0.0,-1,-1,0,0,0.0,5.62
599.066,3012,SEARCH,0,0.0,-1,-1,0,0,0.0,4.42
599.276,3013,SEARCH,0,0.0,-1,-1,0,0,0.0,4.76
599.476,3014,SEARCH,0,0.0,-1,-1,0,0,0.0,4.99
599.663,3015,SEARCH,0,0.0,-1,-1,0,0,0.0,5.35
599.842,3016,SEARCH,0,0.0,-1,-1,0,0,0.0,5.57
600.03,3017,SEARCH,0,0.0,-1,-1,0,0,0.0,5.34
600.225,3018,SEARCH,0,0.0,-1,-1,0,0,0.0,5.12
600.417,3019,SEARCH,0,0.0,-1,-1,0,0,0.0,5.19
600.61,3020,SEARCH,0,0.0,-1,-1,0,0,0.0,5.18
600.802,3021,SEARCH,0,0.0,-1,-1,0,0,0.0,5.23
600.984,3022,SEARCH,0,0.0,-1,-1,0,0,0.0,5.48
601.178,3023,SEARCH,0,0.0,-1,-1,0,0,0.0,5.16
601.35,3024,SEARCH,0,0.0,-1,-1,0,0,0.0,5.83
601.521,3025,SEARCH,0,0.0,-1,-1,0,0,0.0,5.84
601.719,3026,SEARCH,0,0.0,-1,-1,0,0,0.0,5.04
601.899,3027,SEARCH,0,0.0,-1,-1,0,0,0.0,5.55
602.101,3028,SEARCH,0,0.0,-1,-1,0,0,0.0,4.96
602.3,3029,SEARCH,0,0.0,-1,-1,0,0,0.0,5.02
602.496,3030,SEARCH,0,0.0,-1,-1,0,0,0.0,5.11
602.702,3031,SEARCH,0,0.0,-1,-1,0,0,0.0,4.85
602.887,3032,SEARCH,0,0.0,-1,-1,0,0,0.0,5.4
603.075,3033,SEARCH,0,0.0,-1,-1,0,0,0.0,5.32
603.25,3034,SEARCH,0,0.0,-1,-1,0,0,0.0,5.71
603.43,3035,SEARCH,0,0.0,-1,-1,0,0,0.0,5.57
603.608,3036,SEARCH,0,0.0,-1,-1,0,0,0.0,5.6
603.812,3037,SEARCH,0,0.0,-1,-1,0,0,0.0,4.9
603.996,3038,SEARCH,0,0.0,-1,-1,0,0,0.0,5.43
604.178,3039,SEARCH,0,0.0,-1,-1,0,0,0.0,5.49
604.362,3040,SEARCH,0,0.0,-1,-1,0,0,0.0,5.44
604.55,3041,SEARCH,0,0.0,-1,-1,0,0,0.0,5.32
604.739,3042,SEARCH,0,0.0,-1,-1,0,0,0.0,5.3
604.929,3043,SEARCH,0,0.0,-1,-1,0,0,0.0,5.25
605.109,3044,SEARCH,0,0.0,-1,-1,0,0,0.0,5.58
605.291,3045,SEARCH,0,0.0,-1,-1,0,0,0.0,5.5
605.497,3046,SEARCH,0,0.0,-1,-1,0,0,0.0,4.85
605.689,3047,SEARCH,0,0.0,-1,-1,0,0,0.0,5.19
605.876,3048,SEARCH,0,0.0,-1,-1,0,0,0.0,5.35
606.074,3049,SEARCH,0,0.0,-1,-1,0,0,0.0,5.05
606.254,3050,SEARCH,0,0.0,-1,-1,0,0,0.0,5.56
606.448,3051,SEARCH,0,0.0,-1,-1,0,0,0.0,5.15
606.647,3052,SEARCH,0,0.0,-1,-1,0,0,0.0,5.02
606.831,3053,SEARCH,0,0.0,-1,-1,0,0,0.0,5.44
607.032,3054,SEARCH,0,0.0,-1,-1,0,0,0.0,4.98
607.205,3055,SEARCH,0,0.0,-1,-1,0,0,0.0,5.78
607.393,3056,SEARCH,0,0.0,-1,-1,0,0,0.0,5.34
607.633,3057,SEARCH,0,0.0,-1,-1,0,0,0.0,4.15
607.857,3058,SEARCH,0,0.0,-1,-1,0,0,0.0,4.48
608.422,3059,SEARCH,0,0.0,-1,-1,0,0,0.0,1.77
608.605,3060,TURN_RIGHT,1,0.8932,389,368,69,128,0.116408,5.47
608.791,3061,TURN_RIGHT,1,0.8302,394,379,74,139,0.14737,5.37
609.476,3062,PICK,1,0.4628,319,399,-1,159,0.085257,1.46
609.678,3063,SEARCH,0,0.0,-1,-1,0,0,0.0,4.93
609.868,3064,SEARCH,0,0.0,-1,-1,0,0,0.0,5.28
610.051,3065,SEARCH,0,0.0,-1,-1,0,0,0.0,5.45
610.236,3066,SEARCH,0,0.0,-1,-1,0,0,0.0,5.43
610.417,3067,SEARCH,0,0.0,-1,-1,0,0,0.0,5.5
610.597,3068,SEARCH,0,0.0,-1,-1,0,0,0.0,5.58
610.792,3069,SEARCH,0,0.0,-1,-1,0,0,0.0,5.12
611.0,3070,SEARCH,0,0.0,-1,-1,0,0,0.0,4.79
611.638,3071,SEARCH,0,0.0,-1,-1,0,0,0.0,1.57
611.859,3072,SEARCH,0,0.0,-1,-1,0,0,0.0,4.53
612.085,3073,SEARCH,0,0.0,-1,-1,0,0,0.0,4.42
612.548,3074,SEARCH,0,0.0,-1,-1,0,0,0.0,2.16
612.987,3075,SEARCH,0,0.0,-1,-1,0,0,0.0,2.28
613.291,3076,TURN_LEFT,1,0.8774,196,355,-124,115,0.056009,3.3
613.547,3077,TURN_LEFT,1,0.9085,218,251,-102,11,0.066845,3.9
613.816,3078,TURN_LEFT,1,0.8983,193,219,-127,-21,0.071488,3.71
614.047,3079,TURN_LEFT,1,0.8731,137,186,-183,-54,0.09326,4.34
614.271,3080,TURN_LEFT,1,0.9262,72,176,-248,-64,0.106071,4.47
614.555,3081,TURN_LEFT,1,0.9145,64,214,-256,-26,0.092098,3.51
614.841,3082,TURN_LEFT,1,0.9274,64,240,-256,0,0.092778,3.49
615.08,3083,TURN_LEFT,1,0.9314,66,251,-254,11,0.090344,4.19
615.301,3084,TURN_LEFT,1,0.952,97,261,-223,21,0.103687,4.52
615.522,3085,TURN_LEFT,1,0.9099,130,270,-190,30,0.100215,4.53
615.784,3086,TURN_LEFT,1,0.8123,205,279,-115,39,0.090638,3.82
615.998,3087,TURN_LEFT,1,0.9068,267,273,-53,33,0.076831,4.67
616.256,3088,TURN_LEFT,1,0.9048,275,266,-45,26,0.076614,3.88
616.482,3089,FORWARD,1,0.8691,285,260,-35,20,0.075077,4.41
616.673,3090,FORWARD,1,0.9067,280,270,-40,30,0.077317,5.25
616.863,3091,TURN_LEFT,1,0.7419,269,264,-51,24,0.08272,5.26
617.046,3092,TURN_LEFT,1,0.9025,244,269,-76,29,0.079954,5.46
617.234,3093,TURN_LEFT,1,0.891,238,258,-82,18,0.081552,5.32
617.424,3094,TURN_LEFT,1,0.9008,233,249,-87,9,0.083175,5.28
617.618,3095,TURN_LEFT,1,0.8793,228,251,-92,11,0.083439,5.14
617.809,3096,TURN_LEFT,1,0.9144,222,260,-98,20,0.085392,5.24
618.001,3097,TURN_LEFT,1,0.9019,225,268,-95,28,0.081911,5.2
618.185,3098,TURN_LEFT,1,0.8979,230,267,-90,27,0.079757,5.44
618.388,3099,TURN_LEFT,1,0.8785,228,280,-92,40,0.079735,4.94
618.579,3100,SEARCH,0,0.0,-1,-1,0,0,0.0,5.23
618.768,3101,SEARCH,0,0.0,-1,-1,0,0,0.0,5.28
618.967,3102,SEARCH,0,0.0,-1,-1,0,0,0.0,5.02
619.158,3103,FORWARD,1,0.4659,320,386,0,146,0.005506,5.24
619.35,3104,SEARCH,0,0.0,-1,-1,0,0,0.0,5.22
619.973,3105,SEARCH,0,0.0,-1,-1,0,0,0.0,1.61
620.25,3106,SEARCH,0,0.0,-1,-1,0,0,0.0,3.6
620.466,3107,SEARCH,0,0.0,-1,-1,0,0,0.0,4.64
620.718,3108,SEARCH,0,0.0,-1,-1,0,0,0.0,3.97
620.923,3109,SEARCH,0,0.0,-1,-1,0,0,0.0,4.87
621.128,3110,SEARCH,0,0.0,-1,-1,0,0,0.0,4.87
621.435,3111,SEARCH,0,0.0,-1,-1,0,0,0.0,3.26
621.645,3112,SEARCH,0,0.0,-1,-1,0,0,0.0,4.77
621.836,3113,SEARCH,0,0.0,-1,-1,0,0,0.0,5.22
622.136,3114,SEARCH,0,0.0,-1,-1,0,0,0.0,3.33
622.368,3115,SEARCH,0,0.0,-1,-1,0,0,0.0,4.31
622.604,3116,SEARCH,0,0.0,-1,-1,0,0,0.0,4.24
622.806,3117,SEARCH,0,0.0,-1,-1,0,0,0.0,4.97
623.167,3118,SEARCH,0,0.0,-1,-1,0,0,0.0,2.77
623.397,3119,SEARCH,0,0.0,-1,-1,0,0,0.0,4.34
623.597,3120,SEARCH,0,0.0,-1,-1,0,0,0.0,5.01
623.92,3121,SEARCH,0,0.0,-1,-1,0,0,0.0,3.09
624.179,3122,SEARCH,0,0.0,-1,-1,0,0,0.0,3.87
624.385,3123,SEARCH,0,0.0,-1,-1,0,0,0.0,4.85
624.619,3124,SEARCH,0,0.0,-1,-1,0,0,0.0,4.27
625.169,3125,SEARCH,0,0.0,-1,-1,0,0,0.0,1.82
625.491,3126,SEARCH,0,0.0,-1,-1,0,0,0.0,3.1
625.704,3127,SEARCH,0,0.0,-1,-1,0,0,0.0,4.69
625.916,3128,SEARCH,0,0.0,-1,-1,0,0,0.0,4.72
626.453,3129,SEARCH,0,0.0,-1,-1,0,0,0.0,1.86
626.649,3130,SEARCH,0,0.0,-1,-1,0,0,0.0,5.09
626.842,3131,FORWARD,1,0.4982,334,160,14,-80,0.007768,5.2
627.036,3132,SEARCH,0,0.0,-1,-1,0,0,0.0,5.16
627.226,3133,SEARCH,0,0.0,-1,-1,0,0,0.0,5.25
627.535,3134,SEARCH,0,0.0,-1,-1,0,0,0.0,3.24
627.831,3135,SEARCH,0,0.0,-1,-1,0,0,0.0,3.38
628.063,3136,FORWARD,1,0.6043,320,155,0,-85,0.006645,4.3
628.355,3137,FORWARD,1,0.5167,325,159,5,-81,0.007678,3.43
628.636,3138,FORWARD,1,0.4877,325,160,5,-80,0.007194,3.55
628.854,3139,FORWARD,1,0.4353,322,161,2,-79,0.006434,4.59
629.068,3140,SEARCH,0,0.0,-1,-1,0,0,0.0,4.68
629.379,3141,SEARCH,0,0.0,-1,-1,0,0,0.0,3.21
629.687,3142,SEARCH,0,0.0,-1,-1,0,0,0.0,3.25
629.973,3143,SEARCH,0,0.0,-1,-1,0,0,0.0,3.5
630.27,3144,SEARCH,0,0.0,-1,-1,0,0,0.0,3.37
630.504,3145,SEARCH,0,0.0,-1,-1,0,0,0.0,4.28
630.766,3146,FORWARD,1,0.5556,332,193,12,-47,0.007064,3.81
631.121,3147,SEARCH,0,0.0,-1,-1,0,0,0.0,2.82
631.401,3148,SEARCH,0,0.0,-1,-1,0,0,0.0,3.56
631.629,3149,SEARCH,0,0.0,-1,-1,0,0,0.0,4.38
631.829,3150,SEARCH,0,0.0,-1,-1,0,0,0.0,5.01
632.041,3151,SEARCH,0,0.0,-1,-1,0,0,0.0,4.72
632.274,3152,SEARCH,0,0.0,-1,-1,0,0,0.0,4.29
